,dog,cat,elephant,lion,tiger,dolphin,panda,giraffe,butterfly,squirrel
0,0.056396484375,0.09130859375,0.0021209716796875,0.0101318359375,0.0255126953125,-0.0003414154052734375,0.0308837890625,-0.01446533203125,0.0274658203125,-0.006011962890625
1,0.06982421875,0.10791015625,0.000858306884765625,0.0198974609375,0.02685546875,-0.0048828125,0.0228271484375,-0.0218505859375,0.0250244140625,-0.01171875
2,0.0654296875,0.107421875,0.00921630859375,0.0223388671875,0.037353515625,-0.001983642578125,0.0296630859375,-0.015380859375,0.0322265625,-0.006103515625
3,0.06689453125,0.103515625,0.01251220703125,0.01361083984375,0.03271484375,0.01287841796875,0.0322265625,-0.006927490234375,0.033935546875,0.0032196044921875
4,0.072265625,0.10595703125,0.0208740234375,0.028076171875,0.0277099609375,0.01068115234375,0.033203125,-0.00127410888671875,0.04052734375,0.01043701171875
5,0.06689453125,0.09619140625,0.0186767578125,0.02392578125,0.039794921875,0.014892578125,0.0361328125,-0.00567626953125,0.03564453125,0.0172119140625
6,0.064453125,0.09912109375,0.0164794921875,0.0189208984375,0.039306640625,0.00775146484375,0.0361328125,-0.0030517578125,0.03662109375,0.01141357421875
7,0.06103515625,0.10009765625,0.0098876953125,0.024658203125,0.041259765625,0.0186767578125,0.033203125,0.01318359375,0.041748046875,0.012451171875
8,0.058837890625,0.0908203125,0.0302734375,0.03515625,0.046630859375,0.01007080078125,0.035400390625,-0.01031494140625,0.036865234375,0.0093994140625
9,0.06494140625,0.1015625,0.0196533203125,0.0247802734375,0.04052734375,0.01458740234375,0.036865234375,0.01263427734375,0.037109375,0.009765625
00,0.056396484375,0.09130859375,0.0021209716796875,0.0101318359375,0.0255126953125,-0.0003414154052734375,0.0308837890625,-0.01446533203125,0.0274658203125,-0.006011962890625
01,0.06298828125,0.099609375,0.00148773193359375,0.0150146484375,0.026123046875,-0.0026092529296875,0.02685546875,-0.0181884765625,0.0262451171875,-0.00885009765625
02,0.06103515625,0.099609375,0.00567626953125,0.0162353515625,0.031494140625,-0.00115966796875,0.0302734375,-0.014892578125,0.02978515625,-0.00604248046875
03,0.0615234375,0.09765625,0.00732421875,0.0118408203125,0.029052734375,0.006256103515625,0.031494140625,-0.01068115234375,0.03076171875,-0.00139617919921875
04,0.064453125,0.0986328125,0.011474609375,0.01904296875,0.026611328125,0.005157470703125,0.031982421875,-0.00787353515625,0.033935546875,0.0022125244140625
05,0.0615234375,0.09375,0.0103759765625,0.01708984375,0.03271484375,0.00726318359375,0.033447265625,-0.01007080078125,0.031494140625,0.005615234375
06,0.060546875,0.09521484375,0.00927734375,0.0145263671875,0.032470703125,0.0037078857421875,0.033447265625,-0.0087890625,0.031982421875,0.0027008056640625
07,0.05859375,0.095703125,0.006011962890625,0.017333984375,0.033447265625,0.0091552734375,0.031982421875,-0.000640869140625,0.03466796875,0.0032196044921875
08,0.0576171875,0.0908203125,0.0162353515625,0.022705078125,0.0361328125,0.004852294921875,0.033203125,-0.01239013671875,0.0322265625,0.0016937255859375
09,0.060546875,0.0966796875,0.0108642578125,0.0174560546875,0.032958984375,0.007110595703125,0.033935546875,-0.00091552734375,0.0322265625,0.0018768310546875
10,0.06298828125,0.099609375,0.00148773193359375,0.0150146484375,0.026123046875,-0.0026092529296875,0.02685546875,-0.0181884765625,0.0262451171875,-0.00885009765625
11,0.06982421875,0.10791015625,0.000858306884765625,0.0198974609375,0.02685546875,-0.0048828125,0.0228271484375,-0.0218505859375,0.0250244140625,-0.01171875
12,0.0673828125,0.107421875,0.005035400390625,0.0211181640625,0.0322265625,-0.0034332275390625,0.0262451171875,-0.0185546875,0.028564453125,-0.0089111328125
13,0.068359375,0.10546875,0.006683349609375,0.0167236328125,0.02978515625,0.003997802734375,0.027587890625,-0.014404296875,0.029541015625,-0.004241943359375
14,0.0712890625,0.10693359375,0.0108642578125,0.02392578125,0.02734375,0.002899169921875,0.028076171875,-0.01153564453125,0.03271484375,-0.000640869140625
15,0.068359375,0.10205078125,0.009765625,0.02197265625,0.033203125,0.0050048828125,0.029541015625,-0.0137939453125,0.0302734375,0.00274658203125
16,0.0673828125,0.103515625,0.0086669921875,0.0194091796875,0.033203125,0.001434326171875,0.029541015625,-0.012451171875,0.03076171875,-0.000152587890625
17,0.0654296875,0.10400390625,0.00537109375,0.022216796875,0.0341796875,0.00689697265625,0.028076171875,-0.00433349609375,0.033447265625,0.0003662109375
18,0.064453125,0.099609375,0.01556396484375,0.027587890625,0.03662109375,0.002593994140625,0.029052734375,-0.01611328125,0.031005859375,-0.00115966796875
19,0.0673828125,0.1044921875,0.01025390625,0.0223388671875,0.03369140625,0.004852294921875,0.02978515625,-0.004608154296875,0.031005859375,-0.0009765625
20,0.06103515625,0.099609375,0.00567626953125,0.0162353515625,0.031494140625,-0.00115966796875,0.0302734375,-0.014892578125,0.02978515625,-0.00604248046875
21,0.0673828125,0.107421875,0.005035400390625,0.0211181640625,0.0322265625,-0.0034332275390625,0.0262451171875,-0.0185546875,0.028564453125,-0.0089111328125
22,0.0654296875,0.107421875,0.00921630859375,0.0223388671875,0.037353515625,-0.001983642578125,0.0296630859375,-0.015380859375,0.0322265625,-0.006103515625
23,0.06640625,0.10546875,0.0108642578125,0.0179443359375,0.03515625,0.00543212890625,0.031005859375,-0.01116943359375,0.033203125,-0.00144195556640625
24,0.06884765625,0.1064453125,0.0150146484375,0.025146484375,0.032470703125,0.00433349609375,0.031494140625,-0.00830078125,0.036376953125,0.002166748046875
25,0.06640625,0.1015625,0.013916015625,0.023193359375,0.03857421875,0.0064697265625,0.032958984375,-0.010498046875,0.033935546875,0.00555419921875
26,0.06494140625,0.103515625,0.0128173828125,0.0206298828125,0.038330078125,0.0028839111328125,0.032958984375,-0.00921630859375,0.034423828125,0.002655029296875
27,0.0634765625,0.103515625,0.009521484375,0.0234375,0.039306640625,0.00836181640625,0.031494140625,-0.0010986328125,0.037109375,0.003173828125
28,0.06201171875,0.09912109375,0.019775390625,0.02880859375,0.0419921875,0.0040283203125,0.032470703125,-0.0128173828125,0.03466796875,0.00164794921875
29,0.0654296875,0.1044921875,0.014404296875,0.0235595703125,0.0390625,0.00628662109375,0.033203125,-0.001373291015625,0.03466796875,0.0018310546875
30,0.0615234375,0.09765625,0.00732421875,0.0118408203125,0.029052734375,0.006256103515625,0.031494140625,-0.01068115234375,0.03076171875,-0.00139617919921875
31,0.068359375,0.10546875,0.006683349609375,0.0167236328125,0.02978515625,0.003997802734375,0.027587890625,-0.014404296875,0.029541015625,-0.004241943359375
32,0.06640625,0.10546875,0.0108642578125,0.0179443359375,0.03515625,0.00543212890625,0.031005859375,-0.01116943359375,0.033203125,-0.00144195556640625
33,0.06689453125,0.103515625,0.01251220703125,0.01361083984375,0.03271484375,0.01287841796875,0.0322265625,-0.006927490234375,0.033935546875,0.0032196044921875
34,0.0693359375,0.1044921875,0.0167236328125,0.0208740234375,0.0302734375,0.01177978515625,0.03271484375,-0.00408935546875,0.037109375,0.0068359375
35,0.06689453125,0.099609375,0.015625,0.018798828125,0.0361328125,0.013916015625,0.0341796875,-0.00628662109375,0.03466796875,0.01019287109375
36,0.0654296875,0.1015625,0.0145263671875,0.0162353515625,0.0361328125,0.01031494140625,0.0341796875,-0.0050048828125,0.03515625,0.00732421875
37,0.06396484375,0.1015625,0.01123046875,0.0191650390625,0.037109375,0.0157470703125,0.03271484375,0.0031280517578125,0.037841796875,0.0078125
38,0.06298828125,0.09716796875,0.0213623046875,0.0244140625,0.03955078125,0.011474609375,0.03369140625,-0.00860595703125,0.035400390625,0.006317138671875
39,0.06591796875,0.1025390625,0.01611328125,0.0191650390625,0.03662109375,0.01373291015625,0.03466796875,0.0028533935546875,0.03564453125,0.006500244140625
40,0.064453125,0.0986328125,0.011474609375,0.01904296875,0.026611328125,0.005157470703125,0.031982421875,-0.00787353515625,0.033935546875,0.0022125244140625
41,0.0712890625,0.10693359375,0.0108642578125,0.02392578125,0.02734375,0.002899169921875,0.028076171875,-0.01153564453125,0.03271484375,-0.000640869140625
42,0.06884765625,0.1064453125,0.0150146484375,0.025146484375,0.032470703125,0.00433349609375,0.031494140625,-0.00830078125,0.036376953125,0.002166748046875
43,0.0693359375,0.1044921875,0.0167236328125,0.0208740234375,0.0302734375,0.01177978515625,0.03271484375,-0.00408935546875,0.037109375,0.0068359375
44,0.072265625,0.10595703125,0.0208740234375,0.028076171875,0.0277099609375,0.01068115234375,0.033203125,-0.00127410888671875,0.04052734375,0.01043701171875
45,0.0693359375,0.10107421875,0.019775390625,0.0260009765625,0.03369140625,0.0128173828125,0.03466796875,-0.00347900390625,0.0380859375,0.0137939453125
46,0.068359375,0.1025390625,0.0186767578125,0.0234375,0.033447265625,0.00921630859375,0.03466796875,-0.002166748046875,0.03857421875,0.01092529296875
47,0.06640625,0.10302734375,0.015380859375,0.0263671875,0.034423828125,0.0146484375,0.033203125,0.005950927734375,0.041015625,0.011474609375
48,0.0654296875,0.0986328125,0.025634765625,0.03173828125,0.037109375,0.0103759765625,0.0341796875,-0.00579833984375,0.03857421875,0.0098876953125
49,0.068359375,0.103515625,0.020263671875,0.0263671875,0.0341796875,0.01263427734375,0.03515625,0.00567626953125,0.038818359375,0.0101318359375
50,0.0615234375,0.09375,0.0103759765625,0.01708984375,0.03271484375,0.00726318359375,0.033447265625,-0.01007080078125,0.031494140625,0.005615234375
51,0.068359375,0.10205078125,0.009765625,0.02197265625,0.033203125,0.0050048828125,0.029541015625,-0.0137939453125,0.0302734375,0.00274658203125
52,0.06640625,0.1015625,0.013916015625,0.023193359375,0.03857421875,0.0064697265625,0.032958984375,-0.010498046875,0.033935546875,0.00555419921875
53,0.06689453125,0.099609375,0.015625,0.018798828125,0.0361328125,0.013916015625,0.0341796875,-0.00628662109375,0.03466796875,0.01019287109375
54,0.0693359375,0.10107421875,0.019775390625,0.0260009765625,0.03369140625,0.0128173828125,0.03466796875,-0.00347900390625,0.0380859375,0.0137939453125
55,0.06689453125,0.09619140625,0.0186767578125,0.02392578125,0.039794921875,0.014892578125,0.0361328125,-0.00567626953125,0.03564453125,0.0172119140625
56,0.0654296875,0.09765625,0.017578125,0.021484375,0.03955078125,0.0113525390625,0.0361328125,-0.004364013671875,0.0361328125,0.0142822265625
57,0.06396484375,0.09814453125,0.0142822265625,0.0242919921875,0.04052734375,0.016845703125,0.03466796875,0.003753662109375,0.03857421875,0.01483154296875
58,0.06298828125,0.09375,0.0244140625,0.029541015625,0.043212890625,0.012451171875,0.03564453125,-0.00799560546875,0.0361328125,0.0133056640625
59,0.06591796875,0.0986328125,0.0191650390625,0.0244140625,0.0400390625,0.0147705078125,0.03662109375,0.00347900390625,0.036376953125,0.01348876953125
60,0.060546875,0.09521484375,0.00927734375,0.0145263671875,0.032470703125,0.0037078857421875,0.033447265625,-0.0087890625,0.031982421875,0.0027008056640625
61,0.0673828125,0.103515625,0.0086669921875,0.0194091796875,0.033203125,0.001434326171875,0.029541015625,-0.012451171875,0.03076171875,-0.000152587890625
62,0.06494140625,0.103515625,0.0128173828125,0.0206298828125,0.038330078125,0.0028839111328125,0.032958984375,-0.00921630859375,0.034423828125,0.002655029296875
63,0.0654296875,0.1015625,0.0145263671875,0.0162353515625,0.0361328125,0.01031494140625,0.0341796875,-0.0050048828125,0.03515625,0.00732421875
64,0.068359375,0.1025390625,0.0186767578125,0.0234375,0.033447265625,0.00921630859375,0.03466796875,-0.002166748046875,0.03857421875,0.01092529296875
65,0.0654296875,0.09765625,0.017578125,0.021484375,0.03955078125,0.0113525390625,0.0361328125,-0.004364013671875,0.0361328125,0.0142822265625
66,0.064453125,0.09912109375,0.0164794921875,0.0189208984375,0.039306640625,0.00775146484375,0.0361328125,-0.0030517578125,0.03662109375,0.01141357421875
67,0.0625,0.099609375,0.01318359375,0.021728515625,0.040283203125,0.01318359375,0.03466796875,0.00506591796875,0.0390625,0.011962890625
68,0.0615234375,0.0947265625,0.0234375,0.027099609375,0.04296875,0.0089111328125,0.03564453125,-0.006683349609375,0.03662109375,0.0103759765625
69,0.064453125,0.1005859375,0.01806640625,0.0218505859375,0.0400390625,0.01116943359375,0.03662109375,0.004791259765625,0.036865234375,0.0106201171875
70,0.05859375,0.095703125,0.006011962890625,0.017333984375,0.033447265625,0.0091552734375,0.031982421875,-0.000640869140625,0.03466796875,0.0032196044921875
71,0.0654296875,0.10400390625,0.00537109375,0.022216796875,0.0341796875,0.00689697265625,0.028076171875,-0.00433349609375,0.033447265625,0.0003662109375
72,0.0634765625,0.103515625,0.009521484375,0.0234375,0.039306640625,0.00836181640625,0.031494140625,-0.0010986328125,0.037109375,0.003173828125
73,0.06396484375,0.1015625,0.01123046875,0.0191650390625,0.037109375,0.0157470703125,0.03271484375,0.0031280517578125,0.037841796875,0.0078125
74,0.06640625,0.10302734375,0.015380859375,0.0263671875,0.034423828125,0.0146484375,0.033203125,0.005950927734375,0.041015625,0.011474609375
75,0.06396484375,0.09814453125,0.0142822265625,0.0242919921875,0.04052734375,0.016845703125,0.03466796875,0.003753662109375,0.03857421875,0.01483154296875
76,0.0625,0.099609375,0.01318359375,0.021728515625,0.040283203125,0.01318359375,0.03466796875,0.00506591796875,0.0390625,0.011962890625
77,0.06103515625,0.10009765625,0.0098876953125,0.024658203125,0.041259765625,0.0186767578125,0.033203125,0.01318359375,0.041748046875,0.012451171875
78,0.06005859375,0.095703125,0.02001953125,0.0299072265625,0.0439453125,0.014404296875,0.0341796875,0.001434326171875,0.039306640625,0.01092529296875
79,0.06298828125,0.1005859375,0.0147705078125,0.024658203125,0.041015625,0.0166015625,0.03515625,0.012939453125,0.03955078125,0.0111083984375
80,0.0576171875,0.0908203125,0.0162353515625,0.022705078125,0.0361328125,0.004852294921875,0.033203125,-0.01239013671875,0.0322265625,0.0016937255859375
81,0.064453125,0.099609375,0.01556396484375,0.027587890625,0.03662109375,0.002593994140625,0.029052734375,-0.01611328125,0.031005859375,-0.00115966796875
82,0.06201171875,0.09912109375,0.019775390625,0.02880859375,0.0419921875,0.0040283203125,0.032470703125,-0.0128173828125,0.03466796875,0.00164794921875
83,0.06298828125,0.09716796875,0.0213623046875,0.0244140625,0.03955078125,0.011474609375,0.03369140625,-0.00860595703125,0.035400390625,0.006317138671875
84,0.0654296875,0.0986328125,0.025634765625,0.03173828125,0.037109375,0.0103759765625,0.0341796875,-0.00579833984375,0.03857421875,0.0098876953125
85,0.06298828125,0.09375,0.0244140625,0.029541015625,0.043212890625,0.012451171875,0.03564453125,-0.00799560546875,0.0361328125,0.0133056640625
86,0.0615234375,0.0947265625,0.0234375,0.027099609375,0.04296875,0.0089111328125,0.03564453125,-0.006683349609375,0.03662109375,0.0103759765625
87,0.06005859375,0.095703125,0.02001953125,0.0299072265625,0.0439453125,0.014404296875,0.0341796875,0.001434326171875,0.039306640625,0.01092529296875
88,0.058837890625,0.0908203125,0.0302734375,0.03515625,0.046630859375,0.01007080078125,0.035400390625,-0.01031494140625,0.036865234375,0.0093994140625
89,0.06201171875,0.09619140625,0.02490234375,0.030029296875,0.04345703125,0.0123291015625,0.0361328125,0.00115966796875,0.037109375,0.00958251953125
90,0.060546875,0.0966796875,0.0108642578125,0.0174560546875,0.032958984375,0.007110595703125,0.033935546875,-0.00091552734375,0.0322265625,0.0018768310546875
91,0.0673828125,0.1044921875,0.01025390625,0.0223388671875,0.03369140625,0.004852294921875,0.02978515625,-0.004608154296875,0.031005859375,-0.0009765625
92,0.0654296875,0.1044921875,0.014404296875,0.0235595703125,0.0390625,0.00628662109375,0.033203125,-0.001373291015625,0.03466796875,0.0018310546875
93,0.06591796875,0.1025390625,0.01611328125,0.0191650390625,0.03662109375,0.01373291015625,0.03466796875,0.0028533935546875,0.03564453125,0.006500244140625
94,0.068359375,0.103515625,0.020263671875,0.0263671875,0.0341796875,0.01263427734375,0.03515625,0.00567626953125,0.038818359375,0.0101318359375
95,0.06591796875,0.0986328125,0.0191650390625,0.0244140625,0.0400390625,0.0147705078125,0.03662109375,0.00347900390625,0.036376953125,0.01348876953125
96,0.064453125,0.1005859375,0.01806640625,0.0218505859375,0.0400390625,0.01116943359375,0.03662109375,0.004791259765625,0.036865234375,0.0106201171875
97,0.06298828125,0.1005859375,0.0147705078125,0.024658203125,0.041015625,0.0166015625,0.03515625,0.012939453125,0.03955078125,0.0111083984375
98,0.06201171875,0.09619140625,0.02490234375,0.030029296875,0.04345703125,0.0123291015625,0.0361328125,0.00115966796875,0.037109375,0.00958251953125
99,0.06494140625,0.1015625,0.0196533203125,0.0247802734375,0.04052734375,0.01458740234375,0.036865234375,0.01263427734375,0.037109375,0.009765625
000,0.056396484375,0.09130859375,0.0021209716796875,0.0101318359375,0.0255126953125,-0.0003414154052734375,0.0308837890625,-0.01446533203125,0.0274658203125,-0.006011962890625
001,0.060791015625,0.0966796875,0.00170135498046875,0.01336669921875,0.0260009765625,-0.00185394287109375,0.0281982421875,-0.0169677734375,0.026611328125,-0.0079345703125
002,0.059326171875,0.0966796875,0.004486083984375,0.01422119140625,0.0294189453125,-0.000888824462890625,0.030517578125,-0.0147705078125,0.029052734375,-0.00604248046875
003,0.059814453125,0.09521484375,0.005584716796875,0.01129150390625,0.0279541015625,0.004058837890625,0.03125,-0.011962890625,0.0296630859375,-0.0029296875
004,0.061767578125,0.09619140625,0.00836181640625,0.01611328125,0.0262451171875,0.003326416015625,0.03173828125,-0.01007080078125,0.03173828125,-0.000530242919921875
005,0.059814453125,0.0927734375,0.00762939453125,0.01470947265625,0.0302734375,0.004730224609375,0.03271484375,-0.01153564453125,0.0301513671875,0.00173187255859375
006,0.05908203125,0.09375,0.00689697265625,0.0130615234375,0.0301513671875,0.002349853515625,0.03271484375,-0.01068115234375,0.030517578125,-0.00020313262939453125
007,0.057861328125,0.09423828125,0.00469970703125,0.01495361328125,0.03076171875,0.006011962890625,0.03173828125,-0.0052490234375,0.0322265625,0.00014209747314453125
008,0.05712890625,0.09130859375,0.011474609375,0.0184326171875,0.032470703125,0.0031280517578125,0.032470703125,-0.0130615234375,0.0306396484375,-0.000873565673828125
009,0.059326171875,0.0947265625,0.0079345703125,0.0150146484375,0.030517578125,0.004638671875,0.032958984375,-0.00543212890625,0.0306396484375,-0.000751495361328125
010,0.060791015625,0.0966796875,0.00170135498046875,0.01336669921875,0.0260009765625,-0.00185394287109375,0.0281982421875,-0.0169677734375,0.026611328125,-0.0079345703125
011,0.0654296875,0.1025390625,0.00128173828125,0.0166015625,0.0263671875,-0.0033721923828125,0.0255126953125,-0.0194091796875,0.02587890625,-0.00982666015625
012,0.06396484375,0.10205078125,0.004058837890625,0.0174560546875,0.0299072265625,-0.0023956298828125,0.02783203125,-0.0172119140625,0.0281982421875,-0.0079345703125
013,0.064453125,0.10107421875,0.005157470703125,0.0145263671875,0.0283203125,0.0025482177734375,0.0286865234375,-0.014404296875,0.02880859375,-0.00482177734375
014,0.06640625,0.1015625,0.0079345703125,0.0194091796875,0.0267333984375,0.0018157958984375,0.0289306640625,-0.01251220703125,0.031005859375,-0.0024261474609375
015,0.064453125,0.0986328125,0.007232666015625,0.0179443359375,0.03076171875,0.0032196044921875,0.0299072265625,-0.01397705078125,0.0294189453125,-0.00017261505126953125
016,0.0634765625,0.099609375,0.006500244140625,0.016357421875,0.030517578125,0.000843048095703125,0.0299072265625,-0.01312255859375,0.0296630859375,-0.002105712890625
017,0.0625,0.099609375,0.004302978515625,0.0181884765625,0.03125,0.004486083984375,0.0289306640625,-0.007720947265625,0.031494140625,-0.00176239013671875
018,0.061767578125,0.0966796875,0.0111083984375,0.021728515625,0.032958984375,0.001617431640625,0.0296630859375,-0.01556396484375,0.02978515625,-0.002777099609375
019,0.0634765625,0.10009765625,0.007537841796875,0.018310546875,0.031005859375,0.0031280517578125,0.0301513671875,-0.00787353515625,0.0299072265625,-0.002655029296875
020,0.059326171875,0.0966796875,0.004486083984375,0.01422119140625,0.0294189453125,-0.000888824462890625,0.030517578125,-0.0147705078125,0.029052734375,-0.00604248046875
021,0.06396484375,0.10205078125,0.004058837890625,0.0174560546875,0.0299072265625,-0.0023956298828125,0.02783203125,-0.0172119140625,0.0281982421875,-0.0079345703125
022,0.0625,0.10205078125,0.0068359375,0.018310546875,0.033447265625,-0.001434326171875,0.030029296875,-0.01507568359375,0.0306396484375,-0.006072998046875
023,0.06298828125,0.1005859375,0.0079345703125,0.015380859375,0.03173828125,0.0035247802734375,0.0308837890625,-0.01226806640625,0.03125,-0.002960205078125
024,0.064453125,0.1015625,0.0107421875,0.0201416015625,0.0301513671875,0.0027923583984375,0.03125,-0.0103759765625,0.033447265625,-0.000560760498046875
025,0.06298828125,0.09814453125,0.010009765625,0.018798828125,0.0341796875,0.004180908203125,0.0322265625,-0.0118408203125,0.03173828125,0.00170135498046875
026,0.06201171875,0.09912109375,0.00927734375,0.01708984375,0.0341796875,0.00180816650390625,0.0322265625,-0.010986328125,0.0322265625,-0.00023365020751953125
027,0.06103515625,0.099609375,0.007080078125,0.01904296875,0.03466796875,0.005462646484375,0.03125,-0.00555419921875,0.03369140625,0.00011205673217773438
028,0.060302734375,0.0966796875,0.01385498046875,0.0225830078125,0.03662109375,0.0025787353515625,0.031982421875,-0.01336669921875,0.0322265625,-0.000904083251953125
029,0.062255859375,0.10009765625,0.01031494140625,0.01904296875,0.034423828125,0.00408935546875,0.032470703125,-0.0057373046875,0.0322265625,-0.000782012939453125
030,0.059814453125,0.09521484375,0.005584716796875,0.01129150390625,0.0279541015625,0.004058837890625,0.03125,-0.011962890625,0.0296630859375,-0.0029296875
031,0.064453125,0.10107421875,0.005157470703125,0.0145263671875,0.0283203125,0.0025482177734375,0.0286865234375,-0.014404296875,0.02880859375,-0.00482177734375
032,0.06298828125,0.1005859375,0.0079345703125,0.015380859375,0.03173828125,0.0035247802734375,0.0308837890625,-0.01226806640625,0.03125,-0.002960205078125
033,0.0634765625,0.099609375,0.009033203125,0.012451171875,0.0302734375,0.00848388671875,0.03173828125,-0.00946044921875,0.03173828125,0.00014209747314453125
034,0.0654296875,0.10009765625,0.0118408203125,0.017333984375,0.0286865234375,0.00775146484375,0.0322265625,-0.007568359375,0.033935546875,0.0025482177734375
035,0.0634765625,0.09716796875,0.0111083984375,0.015869140625,0.03271484375,0.0091552734375,0.033203125,-0.009033203125,0.0322265625,0.00482177734375
036,0.0625,0.09814453125,0.0103759765625,0.01422119140625,0.032470703125,0.00677490234375,0.033203125,-0.0081787109375,0.03271484375,0.00286865234375
037,0.0615234375,0.09814453125,0.0081787109375,0.01611328125,0.033203125,0.0103759765625,0.0322265625,-0.0027313232421875,0.034423828125,0.0032196044921875
038,0.060791015625,0.09521484375,0.01495361328125,0.0196533203125,0.034912109375,0.007537841796875,0.03271484375,-0.01055908203125,0.03271484375,0.002197265625
039,0.0625,0.0986328125,0.01141357421875,0.01611328125,0.032958984375,0.009033203125,0.033203125,-0.0029144287109375,0.03271484375,0.0023193359375
040,0.061767578125,0.09619140625,0.00836181640625,0.01611328125,0.0262451171875,0.003326416015625,0.03173828125,-0.01007080078125,0.03173828125,-0.000530242919921875
041,0.06640625,0.1015625,0.0079345703125,0.0194091796875,0.0267333984375,0.0018157958984375,0.0289306640625,-0.01251220703125,0.031005859375,-0.0024261474609375
042,0.064453125,0.1015625,0.0107421875,0.0201416015625,0.0301513671875,0.0027923583984375,0.03125,-0.0103759765625,0.033447265625,-0.000560760498046875
043,0.0654296875,0.10009765625,0.0118408203125,0.017333984375,0.0286865234375,0.00775146484375,0.0322265625,-0.007568359375,0.033935546875,0.0025482177734375
044,0.06689453125,0.10107421875,0.0146484375,0.0220947265625,0.0269775390625,0.00701904296875,0.032470703125,-0.00567626953125,0.0361328125,0.00494384765625
045,0.0654296875,0.09765625,0.013916015625,0.020751953125,0.031005859375,0.0084228515625,0.033447265625,-0.00714111328125,0.03466796875,0.0072021484375
046,0.064453125,0.0986328125,0.01318359375,0.01904296875,0.0308837890625,0.00604248046875,0.033447265625,-0.006256103515625,0.034912109375,0.005279541015625
047,0.0634765625,0.09912109375,0.010986328125,0.02099609375,0.031494140625,0.0096435546875,0.032470703125,-0.000850677490234375,0.03662109375,0.005615234375
048,0.0625,0.09619140625,0.0177001953125,0.0244140625,0.033203125,0.006805419921875,0.033203125,-0.0086669921875,0.034912109375,0.004608154296875
049,0.064453125,0.099609375,0.01422119140625,0.02099609375,0.03125,0.00830078125,0.03369140625,-0.00103759765625,0.03515625,0.004730224609375
050,0.059814453125,0.0927734375,0.00762939453125,0.01470947265625,0.0302734375,0.004730224609375,0.03271484375,-0.01153564453125,0.0301513671875,0.00173187255859375
051,0.064453125,0.0986328125,0.007232666015625,0.0179443359375,0.03076171875,0.0032196044921875,0.0299072265625,-0.01397705078125,0.0294189453125,-0.00017261505126953125
052,0.06298828125,0.09814453125,0.010009765625,0.018798828125,0.0341796875,0.004180908203125,0.0322265625,-0.0118408203125,0.03173828125,0.00170135498046875
053,0.0634765625,0.09716796875,0.0111083984375,0.015869140625,0.03271484375,0.0091552734375,0.033203125,-0.009033203125,0.0322265625,0.00482177734375
054,0.0654296875,0.09765625,0.013916015625,0.020751953125,0.031005859375,0.0084228515625,0.033447265625,-0.00714111328125,0.03466796875,0.0072021484375
055,0.0634765625,0.0947265625,0.01318359375,0.019287109375,0.03515625,0.00982666015625,0.034423828125,-0.00860595703125,0.032958984375,0.00946044921875
056,0.0625,0.095703125,0.012451171875,0.0177001953125,0.034912109375,0.0074462890625,0.034423828125,-0.007720947265625,0.033203125,0.007537841796875
057,0.0615234375,0.095703125,0.01025390625,0.01953125,0.03564453125,0.01104736328125,0.033447265625,-0.0023193359375,0.034912109375,0.00787353515625
058,0.060791015625,0.0927734375,0.0169677734375,0.0230712890625,0.037353515625,0.0081787109375,0.0341796875,-0.0101318359375,0.033203125,0.006866455078125
059,0.0625,0.09619140625,0.01348876953125,0.0196533203125,0.03515625,0.00970458984375,0.03466796875,-0.00250244140625,0.033447265625,0.006988525390625
060,0.05908203125,0.09375,0.00689697265625,0.0130615234375,0.0301513671875,0.002349853515625,0.03271484375,-0.01068115234375,0.030517578125,-0.00020313262939453125
061,0.0634765625,0.099609375,0.006500244140625,0.016357421875,0.030517578125,0.000843048095703125,0.0299072265625,-0.01312255859375,0.0296630859375,-0.002105712890625
062,0.06201171875,0.09912109375,0.00927734375,0.01708984375,0.0341796875,0.00180816650390625,0.0322265625,-0.010986328125,0.0322265625,-0.00023365020751953125
063,0.0625,0.09814453125,0.0103759765625,0.01422119140625,0.032470703125,0.00677490234375,0.033203125,-0.0081787109375,0.03271484375,0.00286865234375
064,0.064453125,0.0986328125,0.01318359375,0.01904296875,0.0308837890625,0.00604248046875,0.033447265625,-0.006256103515625,0.034912109375,0.005279541015625
065,0.0625,0.095703125,0.012451171875,0.0177001953125,0.034912109375,0.0074462890625,0.034423828125,-0.007720947265625,0.033203125,0.007537841796875
066,0.061767578125,0.0966796875,0.01171875,0.0159912109375,0.03466796875,0.00506591796875,0.034423828125,-0.006866455078125,0.03369140625,0.005615234375
067,0.060546875,0.0966796875,0.009521484375,0.0179443359375,0.035400390625,0.0086669921875,0.033447265625,-0.00144195556640625,0.03515625,0.005950927734375
068,0.059814453125,0.09375,0.0162353515625,0.0213623046875,0.037109375,0.005828857421875,0.0341796875,-0.00927734375,0.03369140625,0.00494384765625
069,0.06201171875,0.09716796875,0.01275634765625,0.0179443359375,0.03515625,0.00732421875,0.03466796875,-0.00162506103515625,0.03369140625,0.00506591796875
070,0.057861328125,0.09423828125,0.00469970703125,0.01495361328125,0.03076171875,0.006011962890625,0.03173828125,-0.0052490234375,0.0322265625,0.00014209747314453125
071,0.0625,0.099609375,0.004302978515625,0.0181884765625,0.03125,0.004486083984375,0.0289306640625,-0.007720947265625,0.031494140625,-0.00176239013671875
072,0.06103515625,0.099609375,0.007080078125,0.01904296875,0.03466796875,0.005462646484375,0.03125,-0.00555419921875,0.03369140625,0.00011205673217773438
073,0.0615234375,0.09814453125,0.0081787109375,0.01611328125,0.033203125,0.0103759765625,0.0322265625,-0.0027313232421875,0.034423828125,0.0032196044921875
074,0.0634765625,0.09912109375,0.010986328125,0.02099609375,0.031494140625,0.0096435546875,0.032470703125,-0.000850677490234375,0.03662109375,0.005615234375
075,0.0615234375,0.095703125,0.01025390625,0.01953125,0.03564453125,0.01104736328125,0.033447265625,-0.0023193359375,0.034912109375,0.00787353515625
076,0.060546875,0.0966796875,0.009521484375,0.0179443359375,0.035400390625,0.0086669921875,0.033447265625,-0.00144195556640625,0.03515625,0.005950927734375
077,0.0595703125,0.09716796875,0.007293701171875,0.019775390625,0.0361328125,0.0123291015625,0.032470703125,0.00396728515625,0.037109375,0.00628662109375
078,0.058837890625,0.09423828125,0.01409912109375,0.0233154296875,0.037841796875,0.00946044921875,0.033203125,-0.0038604736328125,0.035400390625,0.005279541015625
079,0.060791015625,0.09765625,0.01055908203125,0.0198974609375,0.03564453125,0.010986328125,0.03369140625,0.0037841796875,0.035400390625,0.005401611328125
080,0.05712890625,0.09130859375,0.011474609375,0.0184326171875,0.032470703125,0.0031280517578125,0.032470703125,-0.0130615234375,0.0306396484375,-0.000873565673828125
081,0.061767578125,0.0966796875,0.0111083984375,0.021728515625,0.032958984375,0.001617431640625,0.0296630859375,-0.01556396484375,0.02978515625,-0.002777099609375
082,0.060302734375,0.0966796875,0.01385498046875,0.0225830078125,0.03662109375,0.0025787353515625,0.031982421875,-0.01336669921875,0.0322265625,-0.000904083251953125
083,0.060791015625,0.09521484375,0.01495361328125,0.0196533203125,0.034912109375,0.007537841796875,0.03271484375,-0.01055908203125,0.03271484375,0.002197265625
084,0.0625,0.09619140625,0.0177001953125,0.0244140625,0.033203125,0.006805419921875,0.033203125,-0.0086669921875,0.034912109375,0.004608154296875
085,0.060791015625,0.0927734375,0.0169677734375,0.0230712890625,0.037353515625,0.0081787109375,0.0341796875,-0.0101318359375,0.033203125,0.006866455078125
086,0.059814453125,0.09375,0.0162353515625,0.0213623046875,0.037109375,0.005828857421875,0.0341796875,-0.00927734375,0.03369140625,0.00494384765625
087,0.058837890625,0.09423828125,0.01409912109375,0.0233154296875,0.037841796875,0.00946044921875,0.033203125,-0.0038604736328125,0.035400390625,0.005279541015625
088,0.05810546875,0.0908203125,0.0208740234375,0.02685546875,0.03955078125,0.006591796875,0.033935546875,-0.01171875,0.03369140625,0.0042724609375
089,0.06005859375,0.0947265625,0.017333984375,0.0233154296875,0.03759765625,0.00811767578125,0.034423828125,-0.004058837890625,0.03369140625,0.00439453125
090,0.059326171875,0.0947265625,0.0079345703125,0.0150146484375,0.030517578125,0.004638671875,0.032958984375,-0.00543212890625,0.0306396484375,-0.000751495361328125
091,0.0634765625,0.10009765625,0.007537841796875,0.018310546875,0.031005859375,0.0031280517578125,0.0301513671875,-0.00787353515625,0.0299072265625,-0.002655029296875
092,0.062255859375,0.10009765625,0.01031494140625,0.01904296875,0.034423828125,0.00408935546875,0.032470703125,-0.0057373046875,0.0322265625,-0.000782012939453125
093,0.0625,0.0986328125,0.01141357421875,0.01611328125,0.032958984375,0.009033203125,0.033203125,-0.0029144287109375,0.03271484375,0.0023193359375
094,0.064453125,0.099609375,0.01422119140625,0.02099609375,0.03125,0.00830078125,0.03369140625,-0.00103759765625,0.03515625,0.004730224609375
095,0.0625,0.09619140625,0.01348876953125,0.0196533203125,0.03515625,0.00970458984375,0.03466796875,-0.00250244140625,0.033447265625,0.006988525390625
096,0.06201171875,0.09716796875,0.01275634765625,0.0179443359375,0.03515625,0.00732421875,0.03466796875,-0.00162506103515625,0.03369140625,0.00506591796875
097,0.060791015625,0.09765625,0.01055908203125,0.0198974609375,0.03564453125,0.010986328125,0.03369140625,0.0037841796875,0.035400390625,0.005401611328125
098,0.06005859375,0.0947265625,0.017333984375,0.0233154296875,0.03759765625,0.00811767578125,0.034423828125,-0.004058837890625,0.03369140625,0.00439453125
099,0.06201171875,0.09814453125,0.0137939453125,0.0198974609375,0.03564453125,0.00958251953125,0.034912109375,0.00360107421875,0.033935546875,0.0045166015625
100,0.060791015625,0.0966796875,0.00170135498046875,0.01336669921875,0.0260009765625,-0.00185394287109375,0.0281982421875,-0.0169677734375,0.026611328125,-0.0079345703125
101,0.0654296875,0.1025390625,0.00128173828125,0.0166015625,0.0263671875,-0.0033721923828125,0.0255126953125,-0.0194091796875,0.02587890625,-0.00982666015625
102,0.06396484375,0.10205078125,0.004058837890625,0.0174560546875,0.0299072265625,-0.0023956298828125,0.02783203125,-0.0172119140625,0.0281982421875,-0.0079345703125
103,0.064453125,0.10107421875,0.005157470703125,0.0145263671875,0.0283203125,0.0025482177734375,0.0286865234375,-0.014404296875,0.02880859375,-0.00482177734375
104,0.06640625,0.1015625,0.0079345703125,0.0194091796875,0.0267333984375,0.0018157958984375,0.0289306640625,-0.01251220703125,0.031005859375,-0.0024261474609375
105,0.064453125,0.0986328125,0.007232666015625,0.0179443359375,0.03076171875,0.0032196044921875,0.0299072265625,-0.01397705078125,0.0294189453125,-0.00017261505126953125
106,0.0634765625,0.099609375,0.006500244140625,0.016357421875,0.030517578125,0.000843048095703125,0.0299072265625,-0.01312255859375,0.0296630859375,-0.002105712890625
107,0.0625,0.099609375,0.004302978515625,0.0181884765625,0.03125,0.004486083984375,0.0289306640625,-0.007720947265625,0.031494140625,-0.00176239013671875
108,0.061767578125,0.0966796875,0.0111083984375,0.021728515625,0.032958984375,0.001617431640625,0.0296630859375,-0.01556396484375,0.02978515625,-0.002777099609375
109,0.0634765625,0.10009765625,0.007537841796875,0.018310546875,0.031005859375,0.0031280517578125,0.0301513671875,-0.00787353515625,0.0299072265625,-0.002655029296875
110,0.0654296875,0.1025390625,0.00128173828125,0.0166015625,0.0263671875,-0.0033721923828125,0.0255126953125,-0.0194091796875,0.02587890625,-0.00982666015625
111,0.06982421875,0.10791015625,0.000858306884765625,0.0198974609375,0.02685546875,-0.0048828125,0.0228271484375,-0.0218505859375,0.0250244140625,-0.01171875
112,0.068359375,0.10791015625,0.0036468505859375,0.020751953125,0.0303955078125,-0.00390625,0.025146484375,-0.0196533203125,0.0274658203125,-0.00982666015625
113,0.06884765625,0.1064453125,0.004730224609375,0.017822265625,0.02880859375,0.00103759765625,0.0260009765625,-0.016845703125,0.0279541015625,-0.006744384765625
114,0.07080078125,0.107421875,0.007537841796875,0.0225830078125,0.027099609375,0.00030517578125,0.0262451171875,-0.0150146484375,0.0301513671875,-0.00433349609375
115,0.06884765625,0.10400390625,0.006805419921875,0.021240234375,0.0311279296875,0.001708984375,0.0272216796875,-0.0164794921875,0.028564453125,-0.0020751953125
116,0.06787109375,0.10498046875,0.006072998046875,0.01953125,0.031005859375,-0.00067138671875,0.0272216796875,-0.01556396484375,0.0289306640625,-0.003997802734375
117,0.06689453125,0.10546875,0.003875732421875,0.021484375,0.03173828125,0.0029754638671875,0.0262451171875,-0.01019287109375,0.0306396484375,-0.003662109375
118,0.06640625,0.10205078125,0.01068115234375,0.0250244140625,0.033447265625,0.00010156631469726562,0.0269775390625,-0.01806640625,0.0289306640625,-0.004669189453125
119,0.068359375,0.10595703125,0.007110595703125,0.021484375,0.031494140625,0.00160980224609375,0.0274658203125,-0.0103759765625,0.029052734375,-0.004547119140625
120,0.06396484375,0.10205078125,0.004058837890625,0.0174560546875,0.0299072265625,-0.0023956298828125,0.02783203125,-0.0172119140625,0.0281982421875,-0.0079345703125
121,0.068359375,0.10791015625,0.0036468505859375,0.020751953125,0.0303955078125,-0.00390625,0.025146484375,-0.0196533203125,0.0274658203125,-0.00982666015625
122,0.06689453125,0.107421875,0.006439208984375,0.021484375,0.033935546875,-0.0029449462890625,0.02734375,-0.017578125,0.02978515625,-0.00799560546875
123,0.0673828125,0.1064453125,0.007537841796875,0.0185546875,0.0322265625,0.0019989013671875,0.0281982421875,-0.01470947265625,0.0303955078125,-0.0048828125
124,0.0693359375,0.10693359375,0.01031494140625,0.0234375,0.0306396484375,0.00127410888671875,0.028564453125,-0.0128173828125,0.03271484375,-0.0024566650390625
125,0.0673828125,0.10400390625,0.00958251953125,0.0220947265625,0.03466796875,0.0026702880859375,0.029541015625,-0.0142822265625,0.031005859375,-0.00020313262939453125
126,0.06640625,0.10498046875,0.00885009765625,0.0203857421875,0.034423828125,0.0002956390380859375,0.029541015625,-0.013427734375,0.03125,-0.00213623046875
127,0.0654296875,0.10498046875,0.00665283203125,0.0223388671875,0.03515625,0.003936767578125,0.028564453125,-0.00799560546875,0.032958984375,-0.00179290771484375
128,0.064453125,0.10205078125,0.013427734375,0.0257568359375,0.036865234375,0.001068115234375,0.029296875,-0.015869140625,0.03125,-0.0028076171875
129,0.06689453125,0.10546875,0.0098876953125,0.0223388671875,0.034912109375,0.0025787353515625,0.02978515625,-0.0081787109375,0.031494140625,-0.002685546875
130,0.064453125,0.10107421875,0.005157470703125,0.0145263671875,0.0283203125,0.0025482177734375,0.0286865234375,-0.014404296875,0.02880859375,-0.00482177734375
131,0.06884765625,0.1064453125,0.004730224609375,0.017822265625,0.02880859375,0.00103759765625,0.0260009765625,-0.016845703125,0.0279541015625,-0.006744384765625
132,0.0673828125,0.1064453125,0.007537841796875,0.0185546875,0.0322265625,0.0019989013671875,0.0281982421875,-0.01470947265625,0.0303955078125,-0.0048828125
133,0.06787109375,0.10498046875,0.00860595703125,0.0157470703125,0.03076171875,0.0069580078125,0.029052734375,-0.01190185546875,0.031005859375,-0.00176239013671875
134,0.06982421875,0.10595703125,0.01141357421875,0.0205078125,0.029052734375,0.0062255859375,0.0294189453125,-0.010009765625,0.033203125,0.000644683837890625
135,0.06787109375,0.1025390625,0.01068115234375,0.0191650390625,0.033203125,0.00762939453125,0.0303955078125,-0.011474609375,0.031494140625,0.002899169921875
136,0.06689453125,0.103515625,0.00994873046875,0.0174560546875,0.032958984375,0.0052490234375,0.0303955078125,-0.0106201171875,0.03173828125,0.000972747802734375
137,0.06591796875,0.10400390625,0.00775146484375,0.0194091796875,0.03369140625,0.0089111328125,0.0294189453125,-0.00518798828125,0.03369140625,0.00131988525390625
138,0.0654296875,0.1005859375,0.0145263671875,0.02294921875,0.035400390625,0.006011962890625,0.0301513671875,-0.0130615234375,0.031982421875,0.0002994537353515625
139,0.0673828125,0.1044921875,0.010986328125,0.0194091796875,0.033447265625,0.007537841796875,0.0306396484375,-0.00537109375,0.031982421875,0.0004215240478515625
140,0.06640625,0.1015625,0.0079345703125,0.0194091796875,0.0267333984375,0.0018157958984375,0.0289306640625,-0.01251220703125,0.031005859375,-0.0024261474609375
141,0.07080078125,0.107421875,0.007537841796875,0.0225830078125,0.027099609375,0.00030517578125,0.0262451171875,-0.0150146484375,0.0301513671875,-0.00433349609375
142,0.0693359375,0.10693359375,0.01031494140625,0.0234375,0.0306396484375,0.00127410888671875,0.028564453125,-0.0128173828125,0.03271484375,-0.0024566650390625
143,0.06982421875,0.10595703125,0.01141357421875,0.0205078125,0.029052734375,0.0062255859375,0.0294189453125,-0.010009765625,0.033203125,0.000644683837890625
144,0.0712890625,0.1064453125,0.01422119140625,0.025390625,0.0274658203125,0.0054931640625,0.02978515625,-0.00811767578125,0.035400390625,0.0030517578125
145,0.06982421875,0.103515625,0.01348876953125,0.02392578125,0.031494140625,0.00689697265625,0.03076171875,-0.00958251953125,0.03369140625,0.00531005859375
146,0.06884765625,0.1044921875,0.01275634765625,0.0223388671875,0.03125,0.0045166015625,0.03076171875,-0.00872802734375,0.0341796875,0.0033721923828125
147,0.06787109375,0.1044921875,0.01055908203125,0.024169921875,0.031982421875,0.0081787109375,0.02978515625,-0.0033111572265625,0.03564453125,0.00372314453125
148,0.06689453125,0.1015625,0.017333984375,0.0277099609375,0.03369140625,0.005279541015625,0.030517578125,-0.01116943359375,0.0341796875,0.0027008056640625
149,0.06884765625,0.10498046875,0.0137939453125,0.0242919921875,0.03173828125,0.006805419921875,0.031005859375,-0.0034942626953125,0.0341796875,0.0028228759765625
150,0.064453125,0.0986328125,0.007232666015625,0.0179443359375,0.03076171875,0.0032196044921875,0.0299072265625,-0.01397705078125,0.0294189453125,-0.00017261505126953125
151,0.06884765625,0.10400390625,0.006805419921875,0.021240234375,0.0311279296875,0.001708984375,0.0272216796875,-0.0164794921875,0.028564453125,-0.0020751953125
152,0.0673828125,0.10400390625,0.00958251953125,0.0220947265625,0.03466796875,0.0026702880859375,0.029541015625,-0.0142822265625,0.031005859375,-0.00020313262939453125
153,0.06787109375,0.1025390625,0.01068115234375,0.0191650390625,0.033203125,0.00762939453125,0.0303955078125,-0.011474609375,0.031494140625,0.002899169921875
154,0.06982421875,0.103515625,0.01348876953125,0.02392578125,0.031494140625,0.00689697265625,0.03076171875,-0.00958251953125,0.03369140625,0.00531005859375
155,0.06787109375,0.10009765625,0.01275634765625,0.0225830078125,0.035400390625,0.00830078125,0.03173828125,-0.01104736328125,0.0322265625,0.007568359375
156,0.06689453125,0.10107421875,0.01202392578125,0.0208740234375,0.035400390625,0.00592041015625,0.03173828125,-0.01019287109375,0.032470703125,0.005645751953125
157,0.06591796875,0.1015625,0.00982666015625,0.0228271484375,0.035888671875,0.00958251953125,0.03076171875,-0.004791259765625,0.0341796875,0.0059814453125
158,0.0654296875,0.09814453125,0.0166015625,0.0263671875,0.037841796875,0.006683349609375,0.031494140625,-0.01263427734375,0.032470703125,0.004974365234375
159,0.0673828125,0.10205078125,0.0130615234375,0.0228271484375,0.03564453125,0.0081787109375,0.031982421875,-0.004974365234375,0.03271484375,0.005096435546875
160,0.0634765625,0.099609375,0.006500244140625,0.016357421875,0.030517578125,0.000843048095703125,0.0299072265625,-0.01312255859375,0.0296630859375,-0.002105712890625
161,0.06787109375,0.10498046875,0.006072998046875,0.01953125,0.031005859375,-0.00067138671875,0.0272216796875,-0.01556396484375,0.0289306640625,-0.003997802734375
162,0.06640625,0.10498046875,0.00885009765625,0.0203857421875,0.034423828125,0.0002956390380859375,0.029541015625,-0.013427734375,0.03125,-0.00213623046875
163,0.06689453125,0.103515625,0.00994873046875,0.0174560546875,0.032958984375,0.0052490234375,0.0303955078125,-0.0106201171875,0.03173828125,0.000972747802734375
164,0.06884765625,0.1044921875,0.01275634765625,0.0223388671875,0.03125,0.0045166015625,0.03076171875,-0.00872802734375,0.0341796875,0.0033721923828125
165,0.06689453125,0.10107421875,0.01202392578125,0.0208740234375,0.035400390625,0.00592041015625,0.03173828125,-0.01019287109375,0.032470703125,0.005645751953125
166,0.06640625,0.10205078125,0.01129150390625,0.019287109375,0.03515625,0.0035400390625,0.03173828125,-0.00933837890625,0.03271484375,0.0037078857421875
167,0.06494140625,0.1025390625,0.00909423828125,0.0211181640625,0.035888671875,0.007171630859375,0.03076171875,-0.00390625,0.034423828125,0.004058837890625
168,0.064453125,0.09912109375,0.015869140625,0.024658203125,0.03759765625,0.004302978515625,0.031494140625,-0.01171875,0.03271484375,0.0030364990234375
169,0.06640625,0.10302734375,0.0123291015625,0.021240234375,0.03564453125,0.005828857421875,0.031982421875,-0.00408935546875,0.032958984375,0.0031585693359375
170,0.0625,0.099609375,0.004302978515625,0.0181884765625,0.03125,0.004486083984375,0.0289306640625,-0.007720947265625,0.031494140625,-0.00176239013671875
171,0.06689453125,0.10546875,0.003875732421875,0.021484375,0.03173828125,0.0029754638671875,0.0262451171875,-0.01019287109375,0.0306396484375,-0.003662109375
172,0.0654296875,0.10498046875,0.00665283203125,0.0223388671875,0.03515625,0.003936767578125,0.028564453125,-0.00799560546875,0.032958984375,-0.00179290771484375
173,0.06591796875,0.10400390625,0.00775146484375,0.0194091796875,0.03369140625,0.0089111328125,0.0294189453125,-0.00518798828125,0.03369140625,0.00131988525390625
174,0.06787109375,0.1044921875,0.01055908203125,0.024169921875,0.031982421875,0.0081787109375,0.02978515625,-0.0033111572265625,0.03564453125,0.00372314453125
175,0.06591796875,0.1015625,0.00982666015625,0.0228271484375,0.035888671875,0.00958251953125,0.03076171875,-0.004791259765625,0.0341796875,0.0059814453125
176,0.06494140625,0.1025390625,0.00909423828125,0.0211181640625,0.035888671875,0.007171630859375,0.03076171875,-0.00390625,0.034423828125,0.004058837890625
177,0.06396484375,0.1025390625,0.006866455078125,0.0230712890625,0.036376953125,0.01080322265625,0.02978515625,0.00150299072265625,0.0361328125,0.00439453125
178,0.0634765625,0.099609375,0.013671875,0.026611328125,0.038330078125,0.0079345703125,0.030517578125,-0.006317138671875,0.03466796875,0.0033721923828125
179,0.0654296875,0.10302734375,0.0101318359375,0.0230712890625,0.0361328125,0.00946044921875,0.031005859375,0.00131988525390625,0.03466796875,0.0034942626953125
180,0.061767578125,0.0966796875,0.0111083984375,0.021728515625,0.032958984375,0.001617431640625,0.0296630859375,-0.01556396484375,0.02978515625,-0.002777099609375
181,0.06640625,0.10205078125,0.01068115234375,0.0250244140625,0.033447265625,0.00010156631469726562,0.0269775390625,-0.01806640625,0.0289306640625,-0.004669189453125
182,0.064453125,0.10205078125,0.013427734375,0.0257568359375,0.036865234375,0.001068115234375,0.029296875,-0.015869140625,0.03125,-0.0028076171875
183,0.0654296875,0.1005859375,0.0145263671875,0.02294921875,0.035400390625,0.006011962890625,0.0301513671875,-0.0130615234375,0.031982421875,0.0002994537353515625
184,0.06689453125,0.1015625,0.017333984375,0.0277099609375,0.03369140625,0.005279541015625,0.030517578125,-0.01116943359375,0.0341796875,0.0027008056640625
185,0.0654296875,0.09814453125,0.0166015625,0.0263671875,0.037841796875,0.006683349609375,0.031494140625,-0.01263427734375,0.032470703125,0.004974365234375
186,0.064453125,0.09912109375,0.015869140625,0.024658203125,0.03759765625,0.004302978515625,0.031494140625,-0.01171875,0.03271484375,0.0030364990234375
187,0.0634765625,0.099609375,0.013671875,0.026611328125,0.038330078125,0.0079345703125,0.030517578125,-0.006317138671875,0.03466796875,0.0033721923828125
188,0.0625,0.0966796875,0.0205078125,0.030029296875,0.0400390625,0.005096435546875,0.03125,-0.01416015625,0.032958984375,0.0023651123046875
189,0.064453125,0.10009765625,0.0169677734375,0.026611328125,0.0380859375,0.006591796875,0.03173828125,-0.006500244140625,0.032958984375,0.0024871826171875
190,0.0634765625,0.10009765625,0.007537841796875,0.018310546875,0.031005859375,0.0031280517578125,0.0301513671875,-0.00787353515625,0.0299072265625,-0.002655029296875
191,0.068359375,0.10595703125,0.007110595703125,0.021484375,0.031494140625,0.00160980224609375,0.0274658203125,-0.0103759765625,0.029052734375,-0.004547119140625
192,0.06689453125,0.10546875,0.0098876953125,0.0223388671875,0.034912109375,0.0025787353515625,0.02978515625,-0.0081787109375,0.031494140625,-0.002685546875
193,0.0673828125,0.1044921875,0.010986328125,0.0194091796875,0.033447265625,0.007537841796875,0.0306396484375,-0.00537109375,0.031982421875,0.0004215240478515625
194,0.06884765625,0.10498046875,0.0137939453125,0.0242919921875,0.03173828125,0.006805419921875,0.031005859375,-0.0034942626953125,0.0341796875,0.0028228759765625
195,0.0673828125,0.10205078125,0.0130615234375,0.0228271484375,0.03564453125,0.0081787109375,0.031982421875,-0.004974365234375,0.03271484375,0.005096435546875
196,0.06640625,0.10302734375,0.0123291015625,0.021240234375,0.03564453125,0.005828857421875,0.031982421875,-0.00408935546875,0.032958984375,0.0031585693359375
197,0.0654296875,0.10302734375,0.0101318359375,0.0230712890625,0.0361328125,0.00946044921875,0.031005859375,0.00131988525390625,0.03466796875,0.0034942626953125
198,0.064453125,0.10009765625,0.0169677734375,0.026611328125,0.0380859375,0.006591796875,0.03173828125,-0.006500244140625,0.032958984375,0.0024871826171875
199,0.06640625,0.103515625,0.01336669921875,0.023193359375,0.035888671875,0.00811767578125,0.0322265625,0.00113677978515625,0.033203125,0.0026092529296875
200,0.059326171875,0.0966796875,0.004486083984375,0.01422119140625,0.0294189453125,-0.000888824462890625,0.030517578125,-0.0147705078125,0.029052734375,-0.00604248046875
201,0.06396484375,0.10205078125,0.004058837890625,0.0174560546875,0.0299072265625,-0.0023956298828125,0.02783203125,-0.0172119140625,0.0281982421875,-0.0079345703125
202,0.0625,0.10205078125,0.0068359375,0.018310546875,0.033447265625,-0.001434326171875,0.030029296875,-0.01507568359375,0.0306396484375,-0.006072998046875
203,0.06298828125,0.1005859375,0.0079345703125,0.015380859375,0.03173828125,0.0035247802734375,0.0308837890625,-0.01226806640625,0.03125,-0.002960205078125
204,0.064453125,0.1015625,0.0107421875,0.0201416015625,0.0301513671875,0.0027923583984375,0.03125,-0.0103759765625,0.033447265625,-0.000560760498046875
205,0.06298828125,0.09814453125,0.010009765625,0.018798828125,0.0341796875,0.004180908203125,0.0322265625,-0.0118408203125,0.03173828125,0.00170135498046875
206,0.06201171875,0.09912109375,0.00927734375,0.01708984375,0.0341796875,0.00180816650390625,0.0322265625,-0.010986328125,0.0322265625,-0.00023365020751953125
207,0.06103515625,0.099609375,0.007080078125,0.01904296875,0.03466796875,0.005462646484375,0.03125,-0.00555419921875,0.03369140625,0.00011205673217773438
208,0.060302734375,0.0966796875,0.01385498046875,0.0225830078125,0.03662109375,0.0025787353515625,0.031982421875,-0.01336669921875,0.0322265625,-0.000904083251953125
209,0.062255859375,0.10009765625,0.01031494140625,0.01904296875,0.034423828125,0.00408935546875,0.032470703125,-0.0057373046875,0.0322265625,-0.000782012939453125
210,0.06396484375,0.10205078125,0.004058837890625,0.0174560546875,0.0299072265625,-0.0023956298828125,0.02783203125,-0.0172119140625,0.0281982421875,-0.0079345703125
211,0.068359375,0.10791015625,0.0036468505859375,0.020751953125,0.0303955078125,-0.00390625,0.025146484375,-0.0196533203125,0.0274658203125,-0.00982666015625
212,0.06689453125,0.107421875,0.006439208984375,0.021484375,0.033935546875,-0.0029449462890625,0.02734375,-0.017578125,0.02978515625,-0.00799560546875
213,0.0673828125,0.1064453125,0.007537841796875,0.0185546875,0.0322265625,0.0019989013671875,0.0281982421875,-0.01470947265625,0.0303955078125,-0.0048828125
214,0.0693359375,0.10693359375,0.01031494140625,0.0234375,0.0306396484375,0.00127410888671875,0.028564453125,-0.0128173828125,0.03271484375,-0.0024566650390625
215,0.0673828125,0.10400390625,0.00958251953125,0.0220947265625,0.03466796875,0.0026702880859375,0.029541015625,-0.0142822265625,0.031005859375,-0.00020313262939453125
216,0.06640625,0.10498046875,0.00885009765625,0.0203857421875,0.034423828125,0.0002956390380859375,0.029541015625,-0.013427734375,0.03125,-0.00213623046875
217,0.0654296875,0.10498046875,0.00665283203125,0.0223388671875,0.03515625,0.003936767578125,0.028564453125,-0.00799560546875,0.032958984375,-0.00179290771484375
218,0.064453125,0.10205078125,0.013427734375,0.0257568359375,0.036865234375,0.001068115234375,0.029296875,-0.015869140625,0.03125,-0.0028076171875
219,0.06689453125,0.10546875,0.0098876953125,0.0223388671875,0.034912109375,0.0025787353515625,0.02978515625,-0.0081787109375,0.031494140625,-0.002685546875
220,0.0625,0.10205078125,0.0068359375,0.018310546875,0.033447265625,-0.001434326171875,0.030029296875,-0.01507568359375,0.0306396484375,-0.006072998046875
221,0.06689453125,0.107421875,0.006439208984375,0.021484375,0.033935546875,-0.0029449462890625,0.02734375,-0.017578125,0.02978515625,-0.00799560546875
222,0.0654296875,0.107421875,0.00921630859375,0.0223388671875,0.037353515625,-0.001983642578125,0.0296630859375,-0.015380859375,0.0322265625,-0.006103515625
223,0.06591796875,0.10595703125,0.01031494140625,0.0194091796875,0.035888671875,0.0029754638671875,0.030517578125,-0.0125732421875,0.03271484375,-0.00299072265625
224,0.06787109375,0.10693359375,0.01312255859375,0.0242919921875,0.0341796875,0.0022430419921875,0.0308837890625,-0.01068115234375,0.034912109375,-0.000591278076171875
225,0.06591796875,0.103515625,0.01239013671875,0.0228271484375,0.0380859375,0.0036468505859375,0.03173828125,-0.01214599609375,0.033447265625,0.00167083740234375
226,0.06494140625,0.1044921875,0.01165771484375,0.021240234375,0.0380859375,0.00125885009765625,0.03173828125,-0.01129150390625,0.03369140625,-0.0002651214599609375
227,0.06396484375,0.10498046875,0.00946044921875,0.0230712890625,0.03857421875,0.004913330078125,0.0308837890625,-0.005859375,0.035400390625,8.153915405273438e-05
228,0.0634765625,0.10205078125,0.0162353515625,0.026611328125,0.04052734375,0.0020294189453125,0.031494140625,-0.013671875,0.03369140625,-0.000934600830078125
229,0.0654296875,0.10546875,0.0126953125,0.023193359375,0.038330078125,0.0035400390625,0.031982421875,-0.00604248046875,0.033935546875,-0.000812530517578125
230,0.06298828125,0.1005859375,0.0079345703125,0.015380859375,0.03173828125,0.0035247802734375,0.0308837890625,-0.01226806640625,0.03125,-0.002960205078125
231,0.0673828125,0.1064453125,0.007537841796875,0.0185546875,0.0322265625,0.0019989013671875,0.0281982421875,-0.01470947265625,0.0303955078125,-0.0048828125
232,0.06591796875,0.10595703125,0.01031494140625,0.0194091796875,0.035888671875,0.0029754638671875,0.030517578125,-0.0125732421875,0.03271484375,-0.00299072265625
233,0.06640625,0.10498046875,0.01141357421875,0.0164794921875,0.0341796875,0.0079345703125,0.03125,-0.009765625,0.033447265625,0.00011205673217773438
234,0.068359375,0.10546875,0.01422119140625,0.0213623046875,0.03271484375,0.0072021484375,0.03173828125,-0.00787353515625,0.03564453125,0.0025177001953125
235,0.06640625,0.1025390625,0.01348876953125,0.02001953125,0.03662109375,0.00860595703125,0.03271484375,-0.00933837890625,0.033935546875,0.0047607421875
236,0.0654296875,0.103515625,0.01275634765625,0.018310546875,0.036376953125,0.0062255859375,0.03271484375,-0.0084228515625,0.0341796875,0.002838134765625
237,0.064453125,0.103515625,0.01055908203125,0.020263671875,0.037109375,0.0098876953125,0.03173828125,-0.0030364990234375,0.035888671875,0.0031890869140625
238,0.0634765625,0.1005859375,0.017333984375,0.023681640625,0.038818359375,0.006988525390625,0.032470703125,-0.0108642578125,0.034423828125,0.002166748046875
239,0.06591796875,0.10400390625,0.0137939453125,0.020263671875,0.036865234375,0.00848388671875,0.032958984375,-0.0032196044921875,0.034423828125,0.002288818359375
240,0.064453125,0.1015625,0.0107421875,0.0201416015625,0.0301513671875,0.0027923583984375,0.03125,-0.0103759765625,0.033447265625,-0.000560760498046875
241,0.0693359375,0.10693359375,0.01031494140625,0.0234375,0.0306396484375,0.00127410888671875,0.028564453125,-0.0128173828125,0.03271484375,-0.0024566650390625
242,0.06787109375,0.10693359375,0.01312255859375,0.0242919921875,0.0341796875,0.0022430419921875,0.0308837890625,-0.01068115234375,0.034912109375,-0.000591278076171875
243,0.068359375,0.10546875,0.01422119140625,0.0213623046875,0.03271484375,0.0072021484375,0.03173828125,-0.00787353515625,0.03564453125,0.0025177001953125
244,0.06982421875,0.1064453125,0.0169677734375,0.026123046875,0.0308837890625,0.0064697265625,0.031982421875,-0.0059814453125,0.037841796875,0.004913330078125
245,0.068359375,0.10302734375,0.0162353515625,0.0247802734375,0.034912109375,0.00787353515625,0.032958984375,-0.0074462890625,0.0361328125,0.007171630859375
246,0.0673828125,0.10400390625,0.0155029296875,0.0230712890625,0.03466796875,0.0054931640625,0.032958984375,-0.006561279296875,0.036376953125,0.0052490234375
247,0.06640625,0.1044921875,0.0133056640625,0.0250244140625,0.035400390625,0.0091552734375,0.031982421875,-0.00115966796875,0.0380859375,0.005584716796875
248,0.0654296875,0.1015625,0.0201416015625,0.028564453125,0.037109375,0.006256103515625,0.03271484375,-0.00897216796875,0.03662109375,0.00457763671875
249,0.0673828125,0.10498046875,0.0166015625,0.0250244140625,0.03515625,0.00775146484375,0.033203125,-0.0013427734375,0.03662109375,0.00469970703125
250,0.06298828125,0.09814453125,0.010009765625,0.018798828125,0.0341796875,0.004180908203125,0.0322265625,-0.0118408203125,0.03173828125,0.00170135498046875
251,0.0673828125,0.10400390625,0.00958251953125,0.0220947265625,0.03466796875,0.0026702880859375,0.029541015625,-0.0142822265625,0.031005859375,-0.00020313262939453125
252,0.06591796875,0.103515625,0.01239013671875,0.0228271484375,0.0380859375,0.0036468505859375,0.03173828125,-0.01214599609375,0.033447265625,0.00167083740234375
253,0.06640625,0.1025390625,0.01348876953125,0.02001953125,0.03662109375,0.00860595703125,0.03271484375,-0.00933837890625,0.033935546875,0.0047607421875
254,0.068359375,0.10302734375,0.0162353515625,0.0247802734375,0.034912109375,0.00787353515625,0.032958984375,-0.0074462890625,0.0361328125,0.007171630859375
255,0.06640625,0.10009765625,0.0155029296875,0.0234375,0.0390625,0.00927734375,0.033935546875,-0.0089111328125,0.034423828125,0.00946044921875
256,0.0654296875,0.10107421875,0.0147705078125,0.021728515625,0.038818359375,0.00689697265625,0.033935546875,-0.008056640625,0.034912109375,0.00750732421875
257,0.064453125,0.10107421875,0.0125732421875,0.023681640625,0.03955078125,0.010498046875,0.032958984375,-0.00262451171875,0.03662109375,0.00787353515625
258,0.0634765625,0.09814453125,0.0194091796875,0.027099609375,0.041259765625,0.007659912109375,0.03369140625,-0.01043701171875,0.034912109375,0.0068359375
259,0.06591796875,0.1015625,0.015869140625,0.023681640625,0.039306640625,0.0091552734375,0.0341796875,-0.0028076171875,0.034912109375,0.0069580078125
260,0.06201171875,0.09912109375,0.00927734375,0.01708984375,0.0341796875,0.00180816650390625,0.0322265625,-0.010986328125,0.0322265625,-0.00023365020751953125
261,0.06640625,0.10498046875,0.00885009765625,0.0203857421875,0.034423828125,0.0002956390380859375,0.029541015625,-0.013427734375,0.03125,-0.00213623046875
262,0.06494140625,0.1044921875,0.01165771484375,0.021240234375,0.0380859375,0.00125885009765625,0.03173828125,-0.01129150390625,0.03369140625,-0.0002651214599609375
263,0.0654296875,0.103515625,0.01275634765625,0.018310546875,0.036376953125,0.0062255859375,0.03271484375,-0.0084228515625,0.0341796875,0.002838134765625
264,0.0673828125,0.10400390625,0.0155029296875,0.0230712890625,0.03466796875,0.0054931640625,0.032958984375,-0.006561279296875,0.036376953125,0.0052490234375
265,0.0654296875,0.10107421875,0.0147705078125,0.021728515625,0.038818359375,0.00689697265625,0.033935546875,-0.008056640625,0.034912109375,0.00750732421875
266,0.06494140625,0.10205078125,0.0140380859375,0.02001953125,0.03857421875,0.0045166015625,0.033935546875,-0.007171630859375,0.03515625,0.005584716796875
267,0.0634765625,0.10205078125,0.0118408203125,0.02197265625,0.039306640625,0.0081787109375,0.032958984375,-0.00174713134765625,0.036865234375,0.00592041015625
268,0.06298828125,0.09912109375,0.0186767578125,0.0255126953125,0.041015625,0.005279541015625,0.03369140625,-0.00958251953125,0.03515625,0.004913330078125
269,0.06494140625,0.1025390625,0.01513671875,0.02197265625,0.0390625,0.00677490234375,0.0341796875,-0.00193023681640625,0.035400390625,0.005035400390625
270,0.06103515625,0.099609375,0.007080078125,0.01904296875,0.03466796875,0.005462646484375,0.03125,-0.00555419921875,0.03369140625,0.00011205673217773438
271,0.0654296875,0.10498046875,0.00665283203125,0.0223388671875,0.03515625,0.003936767578125,0.028564453125,-0.00799560546875,0.032958984375,-0.00179290771484375
272,0.06396484375,0.10498046875,0.00946044921875,0.0230712890625,0.03857421875,0.004913330078125,0.0308837890625,-0.005859375,0.035400390625,8.153915405273438e-05
273,0.064453125,0.103515625,0.01055908203125,0.020263671875,0.037109375,0.0098876953125,0.03173828125,-0.0030364990234375,0.035888671875,0.0031890869140625
274,0.06640625,0.1044921875,0.0133056640625,0.0250244140625,0.035400390625,0.0091552734375,0.031982421875,-0.00115966796875,0.0380859375,0.005584716796875
275,0.064453125,0.10107421875,0.0125732421875,0.023681640625,0.03955078125,0.010498046875,0.032958984375,-0.00262451171875,0.03662109375,0.00787353515625
276,0.0634765625,0.10205078125,0.0118408203125,0.02197265625,0.039306640625,0.0081787109375,0.032958984375,-0.00174713134765625,0.036865234375,0.00592041015625
277,0.0625,0.1025390625,0.0096435546875,0.02392578125,0.0400390625,0.01177978515625,0.031982421875,0.003662109375,0.03857421875,0.006256103515625
278,0.061767578125,0.099609375,0.0164794921875,0.02734375,0.041748046875,0.0089111328125,0.03271484375,-0.004180908203125,0.036865234375,0.0052490234375
279,0.06396484375,0.10302734375,0.012939453125,0.02392578125,0.039794921875,0.01043701171875,0.033203125,0.00347900390625,0.037109375,0.00537109375
280,0.060302734375,0.0966796875,0.01385498046875,0.0225830078125,0.03662109375,0.0025787353515625,0.031982421875,-0.01336669921875,0.0322265625,-0.000904083251953125
281,0.064453125,0.10205078125,0.013427734375,0.0257568359375,0.036865234375,0.001068115234375,0.029296875,-0.015869140625,0.03125,-0.0028076171875
282,0.0634765625,0.10205078125,0.0162353515625,0.026611328125,0.04052734375,0.0020294189453125,0.031494140625,-0.013671875,0.03369140625,-0.000934600830078125
283,0.0634765625,0.1005859375,0.017333984375,0.023681640625,0.038818359375,0.006988525390625,0.032470703125,-0.0108642578125,0.034423828125,0.002166748046875
284,0.0654296875,0.1015625,0.0201416015625,0.028564453125,0.037109375,0.006256103515625,0.03271484375,-0.00897216796875,0.03662109375,0.00457763671875
285,0.0634765625,0.09814453125,0.0194091796875,0.027099609375,0.041259765625,0.007659912109375,0.03369140625,-0.01043701171875,0.034912109375,0.0068359375
286,0.06298828125,0.09912109375,0.0186767578125,0.0255126953125,0.041015625,0.005279541015625,0.03369140625,-0.00958251953125,0.03515625,0.004913330078125
287,0.061767578125,0.099609375,0.0164794921875,0.02734375,0.041748046875,0.0089111328125,0.03271484375,-0.004180908203125,0.036865234375,0.0052490234375
288,0.06103515625,0.09619140625,0.023193359375,0.0308837890625,0.04345703125,0.00604248046875,0.033447265625,-0.01202392578125,0.035400390625,0.004241943359375
289,0.06298828125,0.10009765625,0.019775390625,0.0274658203125,0.04150390625,0.007568359375,0.033935546875,-0.004364013671875,0.035400390625,0.004364013671875
290,0.062255859375,0.10009765625,0.01031494140625,0.01904296875,0.034423828125,0.00408935546875,0.032470703125,-0.0057373046875,0.0322265625,-0.000782012939453125
291,0.06689453125,0.10546875,0.0098876953125,0.0223388671875,0.034912109375,0.0025787353515625,0.02978515625,-0.0081787109375,0.031494140625,-0.002685546875
292,0.0654296875,0.10546875,0.0126953125,0.023193359375,0.038330078125,0.0035400390625,0.031982421875,-0.00604248046875,0.033935546875,-0.000812530517578125
293,0.06591796875,0.10400390625,0.0137939453125,0.020263671875,0.036865234375,0.00848388671875,0.032958984375,-0.0032196044921875,0.034423828125,0.002288818359375
294,0.0673828125,0.10498046875,0.0166015625,0.0250244140625,0.03515625,0.00775146484375,0.033203125,-0.0013427734375,0.03662109375,0.00469970703125
295,0.06591796875,0.1015625,0.015869140625,0.023681640625,0.039306640625,0.0091552734375,0.0341796875,-0.0028076171875,0.034912109375,0.0069580078125
296,0.06494140625,0.1025390625,0.01513671875,0.02197265625,0.0390625,0.00677490234375,0.0341796875,-0.00193023681640625,0.035400390625,0.005035400390625
297,0.06396484375,0.10302734375,0.012939453125,0.02392578125,0.039794921875,0.01043701171875,0.033203125,0.00347900390625,0.037109375,0.00537109375
298,0.06298828125,0.10009765625,0.019775390625,0.0274658203125,0.04150390625,0.007568359375,0.033935546875,-0.004364013671875,0.035400390625,0.004364013671875
299,0.06494140625,0.103515625,0.01611328125,0.02392578125,0.03955078125,0.009033203125,0.034423828125,0.0032958984375,0.035400390625,0.004486083984375
300,0.059814453125,0.09521484375,0.005584716796875,0.01129150390625,0.0279541015625,0.004058837890625,0.03125,-0.011962890625,0.0296630859375,-0.0029296875
301,0.064453125,0.10107421875,0.005157470703125,0.0145263671875,0.0283203125,0.0025482177734375,0.0286865234375,-0.014404296875,0.02880859375,-0.00482177734375
302,0.06298828125,0.1005859375,0.0079345703125,0.015380859375,0.03173828125,0.0035247802734375,0.0308837890625,-0.01226806640625,0.03125,-0.002960205078125
303,0.0634765625,0.099609375,0.009033203125,0.012451171875,0.0302734375,0.00848388671875,0.03173828125,-0.00946044921875,0.03173828125,0.00014209747314453125
304,0.0654296875,0.10009765625,0.0118408203125,0.017333984375,0.0286865234375,0.00775146484375,0.0322265625,-0.007568359375,0.033935546875,0.0025482177734375
305,0.0634765625,0.09716796875,0.0111083984375,0.015869140625,0.03271484375,0.0091552734375,0.033203125,-0.009033203125,0.0322265625,0.00482177734375
306,0.0625,0.09814453125,0.0103759765625,0.01422119140625,0.032470703125,0.00677490234375,0.033203125,-0.0081787109375,0.03271484375,0.00286865234375
307,0.0615234375,0.09814453125,0.0081787109375,0.01611328125,0.033203125,0.0103759765625,0.0322265625,-0.0027313232421875,0.034423828125,0.0032196044921875
308,0.060791015625,0.09521484375,0.01495361328125,0.0196533203125,0.034912109375,0.007537841796875,0.03271484375,-0.01055908203125,0.03271484375,0.002197265625
309,0.0625,0.0986328125,0.01141357421875,0.01611328125,0.032958984375,0.009033203125,0.033203125,-0.0029144287109375,0.03271484375,0.0023193359375
310,0.064453125,0.10107421875,0.005157470703125,0.0145263671875,0.0283203125,0.0025482177734375,0.0286865234375,-0.014404296875,0.02880859375,-0.00482177734375
311,0.06884765625,0.1064453125,0.004730224609375,0.017822265625,0.02880859375,0.00103759765625,0.0260009765625,-0.016845703125,0.0279541015625,-0.006744384765625
312,0.0673828125,0.1064453125,0.007537841796875,0.0185546875,0.0322265625,0.0019989013671875,0.0281982421875,-0.01470947265625,0.0303955078125,-0.0048828125
313,0.06787109375,0.10498046875,0.00860595703125,0.0157470703125,0.03076171875,0.0069580078125,0.029052734375,-0.01190185546875,0.031005859375,-0.00176239013671875
314,0.06982421875,0.10595703125,0.01141357421875,0.0205078125,0.029052734375,0.0062255859375,0.0294189453125,-0.010009765625,0.033203125,0.000644683837890625
315,0.06787109375,0.1025390625,0.01068115234375,0.0191650390625,0.033203125,0.00762939453125,0.0303955078125,-0.011474609375,0.031494140625,0.002899169921875
316,0.06689453125,0.103515625,0.00994873046875,0.0174560546875,0.032958984375,0.0052490234375,0.0303955078125,-0.0106201171875,0.03173828125,0.000972747802734375
317,0.06591796875,0.10400390625,0.00775146484375,0.0194091796875,0.03369140625,0.0089111328125,0.0294189453125,-0.00518798828125,0.03369140625,0.00131988525390625
318,0.0654296875,0.1005859375,0.0145263671875,0.02294921875,0.035400390625,0.006011962890625,0.0301513671875,-0.0130615234375,0.031982421875,0.0002994537353515625
319,0.0673828125,0.1044921875,0.010986328125,0.0194091796875,0.033447265625,0.007537841796875,0.0306396484375,-0.00537109375,0.031982421875,0.0004215240478515625
320,0.06298828125,0.1005859375,0.0079345703125,0.015380859375,0.03173828125,0.0035247802734375,0.0308837890625,-0.01226806640625,0.03125,-0.002960205078125
321,0.0673828125,0.1064453125,0.007537841796875,0.0185546875,0.0322265625,0.0019989013671875,0.0281982421875,-0.01470947265625,0.0303955078125,-0.0048828125
322,0.06591796875,0.10595703125,0.01031494140625,0.0194091796875,0.035888671875,0.0029754638671875,0.030517578125,-0.0125732421875,0.03271484375,-0.00299072265625
323,0.06640625,0.10498046875,0.01141357421875,0.0164794921875,0.0341796875,0.0079345703125,0.03125,-0.009765625,0.033447265625,0.00011205673217773438
324,0.068359375,0.10546875,0.01422119140625,0.0213623046875,0.03271484375,0.0072021484375,0.03173828125,-0.00787353515625,0.03564453125,0.0025177001953125
325,0.06640625,0.1025390625,0.01348876953125,0.02001953125,0.03662109375,0.00860595703125,0.03271484375,-0.00933837890625,0.033935546875,0.0047607421875
326,0.0654296875,0.103515625,0.01275634765625,0.018310546875,0.036376953125,0.0062255859375,0.03271484375,-0.0084228515625,0.0341796875,0.002838134765625
327,0.064453125,0.103515625,0.01055908203125,0.020263671875,0.037109375,0.0098876953125,0.03173828125,-0.0030364990234375,0.035888671875,0.0031890869140625
328,0.0634765625,0.1005859375,0.017333984375,0.023681640625,0.038818359375,0.006988525390625,0.032470703125,-0.0108642578125,0.034423828125,0.002166748046875
329,0.06591796875,0.10400390625,0.0137939453125,0.020263671875,0.036865234375,0.00848388671875,0.032958984375,-0.0032196044921875,0.034423828125,0.002288818359375
330,0.0634765625,0.099609375,0.009033203125,0.012451171875,0.0302734375,0.00848388671875,0.03173828125,-0.00946044921875,0.03173828125,0.00014209747314453125
331,0.06787109375,0.10498046875,0.00860595703125,0.0157470703125,0.03076171875,0.0069580078125,0.029052734375,-0.01190185546875,0.031005859375,-0.00176239013671875
332,0.06640625,0.10498046875,0.01141357421875,0.0164794921875,0.0341796875,0.0079345703125,0.03125,-0.009765625,0.033447265625,0.00011205673217773438
333,0.06689453125,0.103515625,0.01251220703125,0.01361083984375,0.03271484375,0.01287841796875,0.0322265625,-0.006927490234375,0.033935546875,0.0032196044921875
334,0.06884765625,0.1044921875,0.01531982421875,0.0184326171875,0.031005859375,0.01214599609375,0.032470703125,-0.005035400390625,0.0361328125,0.005615234375
335,0.06689453125,0.10107421875,0.01458740234375,0.01708984375,0.03515625,0.0135498046875,0.033447265625,-0.006500244140625,0.034423828125,0.00787353515625
336,0.06591796875,0.10205078125,0.01385498046875,0.015380859375,0.034912109375,0.01116943359375,0.033447265625,-0.005645751953125,0.034912109375,0.005950927734375
337,0.06494140625,0.1025390625,0.01165771484375,0.017333984375,0.03564453125,0.01483154296875,0.032470703125,-0.00022411346435546875,0.03662109375,0.00628662109375
338,0.064453125,0.09912109375,0.0184326171875,0.020751953125,0.037353515625,0.011962890625,0.033203125,-0.008056640625,0.034912109375,0.005279541015625
339,0.06640625,0.10302734375,0.014892578125,0.017333984375,0.035400390625,0.013427734375,0.03369140625,-0.0004062652587890625,0.034912109375,0.005401611328125
340,0.0654296875,0.10009765625,0.0118408203125,0.017333984375,0.0286865234375,0.00775146484375,0.0322265625,-0.007568359375,0.033935546875,0.0025482177734375
341,0.06982421875,0.10595703125,0.01141357421875,0.0205078125,0.029052734375,0.0062255859375,0.0294189453125,-0.010009765625,0.033203125,0.000644683837890625
342,0.068359375,0.10546875,0.01422119140625,0.0213623046875,0.03271484375,0.0072021484375,0.03173828125,-0.00787353515625,0.03564453125,0.0025177001953125
343,0.06884765625,0.1044921875,0.01531982421875,0.0184326171875,0.031005859375,0.01214599609375,0.032470703125,-0.005035400390625,0.0361328125,0.005615234375
344,0.0703125,0.10498046875,0.01806640625,0.023193359375,0.0294189453125,0.01141357421875,0.032958984375,-0.0031585693359375,0.038330078125,0.008056640625
345,0.06884765625,0.10205078125,0.017333984375,0.0218505859375,0.033447265625,0.0128173828125,0.033935546875,-0.004638671875,0.03662109375,0.01031494140625
346,0.06787109375,0.10302734375,0.0166015625,0.020263671875,0.033203125,0.01043701171875,0.033935546875,-0.003753662109375,0.037109375,0.00836181640625
347,0.06689453125,0.10302734375,0.014404296875,0.0220947265625,0.033935546875,0.01409912109375,0.032958984375,0.0016632080078125,0.038818359375,0.00872802734375
348,0.06591796875,0.10009765625,0.021240234375,0.025634765625,0.03564453125,0.01123046875,0.03369140625,-0.00616455078125,0.037109375,0.0076904296875
349,0.06787109375,0.103515625,0.0177001953125,0.022216796875,0.03369140625,0.0126953125,0.0341796875,0.0014801025390625,0.037109375,0.0078125
350,0.0634765625,0.09716796875,0.0111083984375,0.015869140625,0.03271484375,0.0091552734375,0.033203125,-0.009033203125,0.0322265625,0.00482177734375
351,0.06787109375,0.1025390625,0.01068115234375,0.0191650390625,0.033203125,0.00762939453125,0.0303955078125,-0.011474609375,0.031494140625,0.002899169921875
352,0.06640625,0.1025390625,0.01348876953125,0.02001953125,0.03662109375,0.00860595703125,0.03271484375,-0.00933837890625,0.033935546875,0.0047607421875
353,0.06689453125,0.10107421875,0.01458740234375,0.01708984375,0.03515625,0.0135498046875,0.033447265625,-0.006500244140625,0.034423828125,0.00787353515625
354,0.06884765625,0.10205078125,0.017333984375,0.0218505859375,0.033447265625,0.0128173828125,0.033935546875,-0.004638671875,0.03662109375,0.01031494140625
355,0.06689453125,0.0986328125,0.0166015625,0.0205078125,0.037353515625,0.01422119140625,0.034912109375,-0.006103515625,0.03515625,0.0125732421875
356,0.06591796875,0.099609375,0.015869140625,0.018798828125,0.037353515625,0.0118408203125,0.034912109375,-0.005218505859375,0.035400390625,0.0106201171875
357,0.06494140625,0.10009765625,0.013671875,0.020751953125,0.037841796875,0.0155029296875,0.033935546875,0.00019359588623046875,0.037109375,0.010986328125
358,0.064453125,0.0966796875,0.0205078125,0.024169921875,0.039794921875,0.01263427734375,0.03466796875,-0.00762939453125,0.035400390625,0.00994873046875
359,0.06640625,0.1005859375,0.0169677734375,0.020751953125,0.03759765625,0.01409912109375,0.03515625,1.0192394256591797e-05,0.03564453125,0.01007080078125
360,0.0625,0.09814453125,0.0103759765625,0.01422119140625,0.032470703125,0.00677490234375,0.033203125,-0.0081787109375,0.03271484375,0.00286865234375
361,0.06689453125,0.103515625,0.00994873046875,0.0174560546875,0.032958984375,0.0052490234375,0.0303955078125,-0.0106201171875,0.03173828125,0.000972747802734375
362,0.0654296875,0.103515625,0.01275634765625,0.018310546875,0.036376953125,0.0062255859375,0.03271484375,-0.0084228515625,0.0341796875,0.002838134765625
363,0.06591796875,0.10205078125,0.01385498046875,0.015380859375,0.034912109375,0.01116943359375,0.033447265625,-0.005645751953125,0.034912109375,0.005950927734375
364,0.06787109375,0.10302734375,0.0166015625,0.020263671875,0.033203125,0.01043701171875,0.033935546875,-0.003753662109375,0.037109375,0.00836181640625
365,0.06591796875,0.099609375,0.015869140625,0.018798828125,0.037353515625,0.0118408203125,0.034912109375,-0.005218505859375,0.035400390625,0.0106201171875
366,0.0654296875,0.1005859375,0.01513671875,0.01708984375,0.037109375,0.00946044921875,0.034912109375,-0.00433349609375,0.03564453125,0.0086669921875
367,0.06396484375,0.10107421875,0.012939453125,0.01904296875,0.037841796875,0.01312255859375,0.033935546875,0.001068115234375,0.037353515625,0.009033203125
368,0.0634765625,0.09765625,0.019775390625,0.0225830078125,0.03955078125,0.01025390625,0.03466796875,-0.00677490234375,0.035888671875,0.00799560546875
369,0.0654296875,0.1015625,0.0162353515625,0.01904296875,0.03759765625,0.01171875,0.03515625,0.000885009765625,0.035888671875,0.00811767578125
370,0.0615234375,0.09814453125,0.0081787109375,0.01611328125,0.033203125,0.0103759765625,0.0322265625,-0.0027313232421875,0.034423828125,0.0032196044921875
371,0.06591796875,0.10400390625,0.00775146484375,0.0194091796875,0.03369140625,0.0089111328125,0.0294189453125,-0.00518798828125,0.03369140625,0.00131988525390625
372,0.064453125,0.103515625,0.01055908203125,0.020263671875,0.037109375,0.0098876953125,0.03173828125,-0.0030364990234375,0.035888671875,0.0031890869140625
373,0.06494140625,0.1025390625,0.01165771484375,0.017333984375,0.03564453125,0.01483154296875,0.032470703125,-0.00022411346435546875,0.03662109375,0.00628662109375
374,0.06689453125,0.10302734375,0.014404296875,0.0220947265625,0.033935546875,0.01409912109375,0.032958984375,0.0016632080078125,0.038818359375,0.00872802734375
375,0.06494140625,0.10009765625,0.013671875,0.020751953125,0.037841796875,0.0155029296875,0.033935546875,0.00019359588623046875,0.037109375,0.010986328125
376,0.06396484375,0.10107421875,0.012939453125,0.01904296875,0.037841796875,0.01312255859375,0.033935546875,0.001068115234375,0.037353515625,0.009033203125
377,0.06298828125,0.10107421875,0.0107421875,0.02099609375,0.038330078125,0.0167236328125,0.032958984375,0.0064697265625,0.0390625,0.0093994140625
378,0.062255859375,0.09814453125,0.017578125,0.0244140625,0.040283203125,0.01385498046875,0.03369140625,-0.00135040283203125,0.03759765625,0.00836181640625
379,0.064453125,0.1015625,0.0140380859375,0.02099609375,0.0380859375,0.015380859375,0.0341796875,0.00628662109375,0.03759765625,0.00848388671875
380,0.060791015625,0.09521484375,0.01495361328125,0.0196533203125,0.034912109375,0.007537841796875,0.03271484375,-0.01055908203125,0.03271484375,0.002197265625
381,0.0654296875,0.1005859375,0.0145263671875,0.02294921875,0.035400390625,0.006011962890625,0.0301513671875,-0.0130615234375,0.031982421875,0.0002994537353515625
382,0.0634765625,0.1005859375,0.017333984375,0.023681640625,0.038818359375,0.006988525390625,0.032470703125,-0.0108642578125,0.034423828125,0.002166748046875
383,0.064453125,0.09912109375,0.0184326171875,0.020751953125,0.037353515625,0.011962890625,0.033203125,-0.008056640625,0.034912109375,0.005279541015625
384,0.06591796875,0.10009765625,0.021240234375,0.025634765625,0.03564453125,0.01123046875,0.03369140625,-0.00616455078125,0.037109375,0.0076904296875
385,0.064453125,0.0966796875,0.0205078125,0.024169921875,0.039794921875,0.01263427734375,0.03466796875,-0.00762939453125,0.035400390625,0.00994873046875
386,0.0634765625,0.09765625,0.019775390625,0.0225830078125,0.03955078125,0.01025390625,0.03466796875,-0.00677490234375,0.035888671875,0.00799560546875
387,0.062255859375,0.09814453125,0.017578125,0.0244140625,0.040283203125,0.01385498046875,0.03369140625,-0.00135040283203125,0.03759765625,0.00836181640625
388,0.0615234375,0.09521484375,0.0244140625,0.0279541015625,0.0419921875,0.010986328125,0.034423828125,-0.0091552734375,0.035888671875,0.00732421875
389,0.0634765625,0.0986328125,0.020751953125,0.0245361328125,0.0400390625,0.01251220703125,0.034912109375,-0.00153350830078125,0.035888671875,0.0074462890625
390,0.0625,0.0986328125,0.01141357421875,0.01611328125,0.032958984375,0.009033203125,0.033203125,-0.0029144287109375,0.03271484375,0.0023193359375
391,0.0673828125,0.1044921875,0.010986328125,0.0194091796875,0.033447265625,0.007537841796875,0.0306396484375,-0.00537109375,0.031982421875,0.0004215240478515625
392,0.06591796875,0.10400390625,0.0137939453125,0.020263671875,0.036865234375,0.00848388671875,0.032958984375,-0.0032196044921875,0.034423828125,0.002288818359375
393,0.06640625,0.10302734375,0.014892578125,0.017333984375,0.035400390625,0.013427734375,0.03369140625,-0.0004062652587890625,0.034912109375,0.005401611328125
394,0.06787109375,0.103515625,0.0177001953125,0.022216796875,0.03369140625,0.0126953125,0.0341796875,0.0014801025390625,0.037109375,0.0078125
395,0.06640625,0.1005859375,0.0169677734375,0.020751953125,0.03759765625,0.01409912109375,0.03515625,1.0192394256591797e-05,0.03564453125,0.01007080078125
396,0.0654296875,0.1015625,0.0162353515625,0.01904296875,0.03759765625,0.01171875,0.03515625,0.000885009765625,0.035888671875,0.00811767578125
397,0.064453125,0.1015625,0.0140380859375,0.02099609375,0.0380859375,0.015380859375,0.0341796875,0.00628662109375,0.03759765625,0.00848388671875
398,0.0634765625,0.0986328125,0.020751953125,0.0245361328125,0.0400390625,0.01251220703125,0.034912109375,-0.00153350830078125,0.035888671875,0.0074462890625
399,0.0654296875,0.10205078125,0.017333984375,0.02099609375,0.037841796875,0.0140380859375,0.035400390625,0.006103515625,0.0361328125,0.007568359375
400,0.061767578125,0.09619140625,0.00836181640625,0.01611328125,0.0262451171875,0.003326416015625,0.03173828125,-0.01007080078125,0.03173828125,-0.000530242919921875
401,0.06640625,0.1015625,0.0079345703125,0.0194091796875,0.0267333984375,0.0018157958984375,0.0289306640625,-0.01251220703125,0.031005859375,-0.0024261474609375
402,0.064453125,0.1015625,0.0107421875,0.0201416015625,0.0301513671875,0.0027923583984375,0.03125,-0.0103759765625,0.033447265625,-0.000560760498046875
403,0.0654296875,0.10009765625,0.0118408203125,0.017333984375,0.0286865234375,0.00775146484375,0.0322265625,-0.007568359375,0.033935546875,0.0025482177734375
404,0.06689453125,0.10107421875,0.0146484375,0.0220947265625,0.0269775390625,0.00701904296875,0.032470703125,-0.00567626953125,0.0361328125,0.00494384765625
405,0.0654296875,0.09765625,0.013916015625,0.020751953125,0.031005859375,0.0084228515625,0.033447265625,-0.00714111328125,0.03466796875,0.0072021484375
406,0.064453125,0.0986328125,0.01318359375,0.01904296875,0.0308837890625,0.00604248046875,0.033447265625,-0.006256103515625,0.034912109375,0.005279541015625
407,0.0634765625,0.09912109375,0.010986328125,0.02099609375,0.031494140625,0.0096435546875,0.032470703125,-0.000850677490234375,0.03662109375,0.005615234375
408,0.0625,0.09619140625,0.0177001953125,0.0244140625,0.033203125,0.006805419921875,0.033203125,-0.0086669921875,0.034912109375,0.004608154296875
409,0.064453125,0.099609375,0.01422119140625,0.02099609375,0.03125,0.00830078125,0.03369140625,-0.00103759765625,0.03515625,0.004730224609375
410,0.06640625,0.1015625,0.0079345703125,0.0194091796875,0.0267333984375,0.0018157958984375,0.0289306640625,-0.01251220703125,0.031005859375,-0.0024261474609375
411,0.07080078125,0.107421875,0.007537841796875,0.0225830078125,0.027099609375,0.00030517578125,0.0262451171875,-0.0150146484375,0.0301513671875,-0.00433349609375
412,0.0693359375,0.10693359375,0.01031494140625,0.0234375,0.0306396484375,0.00127410888671875,0.028564453125,-0.0128173828125,0.03271484375,-0.0024566650390625
413,0.06982421875,0.10595703125,0.01141357421875,0.0205078125,0.029052734375,0.0062255859375,0.0294189453125,-0.010009765625,0.033203125,0.000644683837890625
414,0.0712890625,0.1064453125,0.01422119140625,0.025390625,0.0274658203125,0.0054931640625,0.02978515625,-0.00811767578125,0.035400390625,0.0030517578125
415,0.06982421875,0.103515625,0.01348876953125,0.02392578125,0.031494140625,0.00689697265625,0.03076171875,-0.00958251953125,0.03369140625,0.00531005859375
416,0.06884765625,0.1044921875,0.01275634765625,0.0223388671875,0.03125,0.0045166015625,0.03076171875,-0.00872802734375,0.0341796875,0.0033721923828125
417,0.06787109375,0.1044921875,0.01055908203125,0.024169921875,0.031982421875,0.0081787109375,0.02978515625,-0.0033111572265625,0.03564453125,0.00372314453125
418,0.06689453125,0.1015625,0.017333984375,0.0277099609375,0.03369140625,0.005279541015625,0.030517578125,-0.01116943359375,0.0341796875,0.0027008056640625
419,0.06884765625,0.10498046875,0.0137939453125,0.0242919921875,0.03173828125,0.006805419921875,0.031005859375,-0.0034942626953125,0.0341796875,0.0028228759765625
420,0.064453125,0.1015625,0.0107421875,0.0201416015625,0.0301513671875,0.0027923583984375,0.03125,-0.0103759765625,0.033447265625,-0.000560760498046875
421,0.0693359375,0.10693359375,0.01031494140625,0.0234375,0.0306396484375,0.00127410888671875,0.028564453125,-0.0128173828125,0.03271484375,-0.0024566650390625
422,0.06787109375,0.10693359375,0.01312255859375,0.0242919921875,0.0341796875,0.0022430419921875,0.0308837890625,-0.01068115234375,0.034912109375,-0.000591278076171875
423,0.068359375,0.10546875,0.01422119140625,0.0213623046875,0.03271484375,0.0072021484375,0.03173828125,-0.00787353515625,0.03564453125,0.0025177001953125
424,0.06982421875,0.1064453125,0.0169677734375,0.026123046875,0.0308837890625,0.0064697265625,0.031982421875,-0.0059814453125,0.037841796875,0.004913330078125
425,0.068359375,0.10302734375,0.0162353515625,0.0247802734375,0.034912109375,0.00787353515625,0.032958984375,-0.0074462890625,0.0361328125,0.007171630859375
426,0.0673828125,0.10400390625,0.0155029296875,0.0230712890625,0.03466796875,0.0054931640625,0.032958984375,-0.006561279296875,0.036376953125,0.0052490234375
427,0.06640625,0.1044921875,0.0133056640625,0.0250244140625,0.035400390625,0.0091552734375,0.031982421875,-0.00115966796875,0.0380859375,0.005584716796875
428,0.0654296875,0.1015625,0.0201416015625,0.028564453125,0.037109375,0.006256103515625,0.03271484375,-0.00897216796875,0.03662109375,0.00457763671875
429,0.0673828125,0.10498046875,0.0166015625,0.0250244140625,0.03515625,0.00775146484375,0.033203125,-0.0013427734375,0.03662109375,0.00469970703125
430,0.0654296875,0.10009765625,0.0118408203125,0.017333984375,0.0286865234375,0.00775146484375,0.0322265625,-0.007568359375,0.033935546875,0.0025482177734375
431,0.06982421875,0.10595703125,0.01141357421875,0.0205078125,0.029052734375,0.0062255859375,0.0294189453125,-0.010009765625,0.033203125,0.000644683837890625
432,0.068359375,0.10546875,0.01422119140625,0.0213623046875,0.03271484375,0.0072021484375,0.03173828125,-0.00787353515625,0.03564453125,0.0025177001953125
433,0.06884765625,0.1044921875,0.01531982421875,0.0184326171875,0.031005859375,0.01214599609375,0.032470703125,-0.005035400390625,0.0361328125,0.005615234375
434,0.0703125,0.10498046875,0.01806640625,0.023193359375,0.0294189453125,0.01141357421875,0.032958984375,-0.0031585693359375,0.038330078125,0.008056640625
435,0.06884765625,0.10205078125,0.017333984375,0.0218505859375,0.033447265625,0.0128173828125,0.033935546875,-0.004638671875,0.03662109375,0.01031494140625
436,0.06787109375,0.10302734375,0.0166015625,0.020263671875,0.033203125,0.01043701171875,0.033935546875,-0.003753662109375,0.037109375,0.00836181640625
437,0.06689453125,0.10302734375,0.014404296875,0.0220947265625,0.033935546875,0.01409912109375,0.032958984375,0.0016632080078125,0.038818359375,0.00872802734375
438,0.06591796875,0.10009765625,0.021240234375,0.025634765625,0.03564453125,0.01123046875,0.03369140625,-0.00616455078125,0.037109375,0.0076904296875
439,0.06787109375,0.103515625,0.0177001953125,0.022216796875,0.03369140625,0.0126953125,0.0341796875,0.0014801025390625,0.037109375,0.0078125
440,0.06689453125,0.10107421875,0.0146484375,0.0220947265625,0.0269775390625,0.00701904296875,0.032470703125,-0.00567626953125,0.0361328125,0.00494384765625
441,0.0712890625,0.1064453125,0.01422119140625,0.025390625,0.0274658203125,0.0054931640625,0.02978515625,-0.00811767578125,0.035400390625,0.0030517578125
442,0.06982421875,0.1064453125,0.0169677734375,0.026123046875,0.0308837890625,0.0064697265625,0.031982421875,-0.0059814453125,0.037841796875,0.004913330078125
443,0.0703125,0.10498046875,0.01806640625,0.023193359375,0.0294189453125,0.01141357421875,0.032958984375,-0.0031585693359375,0.038330078125,0.008056640625
444,0.072265625,0.10595703125,0.0208740234375,0.028076171875,0.0277099609375,0.01068115234375,0.033203125,-0.00127410888671875,0.04052734375,0.01043701171875
445,0.0703125,0.1025390625,0.0201416015625,0.0267333984375,0.03173828125,0.0120849609375,0.0341796875,-0.00274658203125,0.038818359375,0.0126953125
446,0.06982421875,0.103515625,0.0194091796875,0.0250244140625,0.031494140625,0.00970458984375,0.0341796875,-0.00186920166015625,0.039306640625,0.0107421875
447,0.068359375,0.10400390625,0.0172119140625,0.0269775390625,0.0322265625,0.01336669921875,0.033203125,0.0035400390625,0.041015625,0.0111083984375
448,0.06787109375,0.10107421875,0.0240478515625,0.0303955078125,0.033935546875,0.010498046875,0.033935546875,-0.0042724609375,0.039306640625,0.01007080078125
449,0.06982421875,0.1044921875,0.0205078125,0.0269775390625,0.031982421875,0.011962890625,0.034423828125,0.00335693359375,0.039306640625,0.01019287109375
450,0.0654296875,0.09765625,0.013916015625,0.020751953125,0.031005859375,0.0084228515625,0.033447265625,-0.00714111328125,0.03466796875,0.0072021484375
451,0.06982421875,0.103515625,0.01348876953125,0.02392578125,0.031494140625,0.00689697265625,0.03076171875,-0.00958251953125,0.03369140625,0.00531005859375
452,0.068359375,0.10302734375,0.0162353515625,0.0247802734375,0.034912109375,0.00787353515625,0.032958984375,-0.0074462890625,0.0361328125,0.007171630859375
453,0.06884765625,0.10205078125,0.017333984375,0.0218505859375,0.033447265625,0.0128173828125,0.033935546875,-0.004638671875,0.03662109375,0.01031494140625
454,0.0703125,0.1025390625,0.0201416015625,0.0267333984375,0.03173828125,0.0120849609375,0.0341796875,-0.00274658203125,0.038818359375,0.0126953125
455,0.06884765625,0.099609375,0.0194091796875,0.0252685546875,0.03564453125,0.01348876953125,0.03515625,-0.00421142578125,0.037353515625,0.01495361328125
456,0.06787109375,0.1005859375,0.0186767578125,0.023681640625,0.03564453125,0.0111083984375,0.03515625,-0.003326416015625,0.03759765625,0.01300048828125
457,0.06689453125,0.1005859375,0.0164794921875,0.0255126953125,0.0361328125,0.0147705078125,0.0341796875,0.0020751953125,0.039306640625,0.01336669921875
458,0.06591796875,0.09765625,0.0233154296875,0.029052734375,0.0380859375,0.01190185546875,0.034912109375,-0.005767822265625,0.03759765625,0.0123291015625
459,0.06787109375,0.10107421875,0.019775390625,0.025634765625,0.0361328125,0.01336669921875,0.035400390625,0.00189208984375,0.037841796875,0.012451171875
460,0.064453125,0.0986328125,0.01318359375,0.01904296875,0.0308837890625,0.00604248046875,0.033447265625,-0.006256103515625,0.034912109375,0.005279541015625
461,0.06884765625,0.1044921875,0.01275634765625,0.0223388671875,0.03125,0.0045166015625,0.03076171875,-0.00872802734375,0.0341796875,0.0033721923828125
462,0.0673828125,0.10400390625,0.0155029296875,0.0230712890625,0.03466796875,0.0054931640625,0.032958984375,-0.006561279296875,0.036376953125,0.0052490234375
463,0.06787109375,0.10302734375,0.0166015625,0.020263671875,0.033203125,0.01043701171875,0.033935546875,-0.003753662109375,0.037109375,0.00836181640625
464,0.06982421875,0.103515625,0.0194091796875,0.0250244140625,0.031494140625,0.00970458984375,0.0341796875,-0.00186920166015625,0.039306640625,0.0107421875
465,0.06787109375,0.1005859375,0.0186767578125,0.023681640625,0.03564453125,0.0111083984375,0.03515625,-0.003326416015625,0.03759765625,0.01300048828125
466,0.06689453125,0.1015625,0.0179443359375,0.02197265625,0.035400390625,0.00872802734375,0.03515625,-0.0024566650390625,0.037841796875,0.0111083984375
467,0.06591796875,0.1015625,0.0157470703125,0.02392578125,0.0361328125,0.01239013671875,0.0341796875,0.002960205078125,0.03955078125,0.01141357421875
468,0.0654296875,0.0986328125,0.0225830078125,0.02734375,0.037841796875,0.009521484375,0.034912109375,-0.0048828125,0.0380859375,0.01043701171875
469,0.0673828125,0.10205078125,0.01904296875,0.02392578125,0.035888671875,0.010986328125,0.035400390625,0.002777099609375,0.0380859375,0.01055908203125
470,0.0634765625,0.09912109375,0.010986328125,0.02099609375,0.031494140625,0.0096435546875,0.032470703125,-0.000850677490234375,0.03662109375,0.005615234375
471,0.06787109375,0.1044921875,0.01055908203125,0.024169921875,0.031982421875,0.0081787109375,0.02978515625,-0.0033111572265625,0.03564453125,0.00372314453125
472,0.06640625,0.1044921875,0.0133056640625,0.0250244140625,0.035400390625,0.0091552734375,0.031982421875,-0.00115966796875,0.0380859375,0.005584716796875
473,0.06689453125,0.10302734375,0.014404296875,0.0220947265625,0.033935546875,0.01409912109375,0.032958984375,0.0016632080078125,0.038818359375,0.00872802734375
474,0.068359375,0.10400390625,0.0172119140625,0.0269775390625,0.0322265625,0.01336669921875,0.033203125,0.0035400390625,0.041015625,0.0111083984375
475,0.06689453125,0.1005859375,0.0164794921875,0.0255126953125,0.0361328125,0.0147705078125,0.0341796875,0.0020751953125,0.039306640625,0.01336669921875
476,0.06591796875,0.1015625,0.0157470703125,0.02392578125,0.0361328125,0.01239013671875,0.0341796875,0.002960205078125,0.03955078125,0.01141357421875
477,0.06494140625,0.10205078125,0.0135498046875,0.0257568359375,0.03662109375,0.0159912109375,0.033203125,0.00836181640625,0.041259765625,0.01177978515625
478,0.06396484375,0.09912109375,0.0203857421875,0.029296875,0.03857421875,0.01312255859375,0.033935546875,0.000530242919921875,0.039794921875,0.0107421875
479,0.06591796875,0.1025390625,0.016845703125,0.02587890625,0.03662109375,0.0146484375,0.034423828125,0.0081787109375,0.039794921875,0.0108642578125
480,0.0625,0.09619140625,0.0177001953125,0.0244140625,0.033203125,0.006805419921875,0.033203125,-0.0086669921875,0.034912109375,0.004608154296875
481,0.06689453125,0.1015625,0.017333984375,0.0277099609375,0.03369140625,0.005279541015625,0.030517578125,-0.01116943359375,0.0341796875,0.0027008056640625
482,0.0654296875,0.1015625,0.0201416015625,0.028564453125,0.037109375,0.006256103515625,0.03271484375,-0.00897216796875,0.03662109375,0.00457763671875
483,0.06591796875,0.10009765625,0.021240234375,0.025634765625,0.03564453125,0.01123046875,0.03369140625,-0.00616455078125,0.037109375,0.0076904296875
484,0.06787109375,0.10107421875,0.0240478515625,0.0303955078125,0.033935546875,0.010498046875,0.033935546875,-0.0042724609375,0.039306640625,0.01007080078125
485,0.06591796875,0.09765625,0.0233154296875,0.029052734375,0.0380859375,0.01190185546875,0.034912109375,-0.005767822265625,0.03759765625,0.0123291015625
486,0.0654296875,0.0986328125,0.0225830078125,0.02734375,0.037841796875,0.009521484375,0.034912109375,-0.0048828125,0.0380859375,0.01043701171875
487,0.06396484375,0.09912109375,0.0203857421875,0.029296875,0.03857421875,0.01312255859375,0.033935546875,0.000530242919921875,0.039794921875,0.0107421875
488,0.0634765625,0.095703125,0.027099609375,0.03271484375,0.040283203125,0.01025390625,0.03466796875,-0.007293701171875,0.0380859375,0.009765625
489,0.0654296875,0.099609375,0.0235595703125,0.029296875,0.038330078125,0.01177978515625,0.03515625,0.0003490447998046875,0.0380859375,0.0098876953125
490,0.064453125,0.099609375,0.01422119140625,0.02099609375,0.03125,0.00830078125,0.03369140625,-0.00103759765625,0.03515625,0.004730224609375
491,0.06884765625,0.10498046875,0.0137939453125,0.0242919921875,0.03173828125,0.006805419921875,0.031005859375,-0.0034942626953125,0.0341796875,0.0028228759765625
492,0.0673828125,0.10498046875,0.0166015625,0.0250244140625,0.03515625,0.00775146484375,0.033203125,-0.0013427734375,0.03662109375,0.00469970703125
493,0.06787109375,0.103515625,0.0177001953125,0.022216796875,0.03369140625,0.0126953125,0.0341796875,0.0014801025390625,0.037109375,0.0078125
494,0.06982421875,0.1044921875,0.0205078125,0.0269775390625,0.031982421875,0.011962890625,0.034423828125,0.00335693359375,0.039306640625,0.01019287109375
495,0.06787109375,0.10107421875,0.019775390625,0.025634765625,0.0361328125,0.01336669921875,0.035400390625,0.00189208984375,0.037841796875,0.012451171875
496,0.0673828125,0.10205078125,0.01904296875,0.02392578125,0.035888671875,0.010986328125,0.035400390625,0.002777099609375,0.0380859375,0.01055908203125
497,0.06591796875,0.1025390625,0.016845703125,0.02587890625,0.03662109375,0.0146484375,0.034423828125,0.0081787109375,0.039794921875,0.0108642578125
498,0.0654296875,0.099609375,0.0235595703125,0.029296875,0.038330078125,0.01177978515625,0.03515625,0.0003490447998046875,0.0380859375,0.0098876953125
499,0.0673828125,0.10302734375,0.02001953125,0.02587890625,0.0361328125,0.0133056640625,0.03564453125,0.00799560546875,0.038330078125,0.010009765625
500,0.059814453125,0.0927734375,0.00762939453125,0.01470947265625,0.0302734375,0.004730224609375,0.03271484375,-0.01153564453125,0.0301513671875,0.00173187255859375
501,0.064453125,0.0986328125,0.007232666015625,0.0179443359375,0.03076171875,0.0032196044921875,0.0299072265625,-0.01397705078125,0.0294189453125,-0.00017261505126953125
502,0.06298828125,0.09814453125,0.010009765625,0.018798828125,0.0341796875,0.004180908203125,0.0322265625,-0.0118408203125,0.03173828125,0.00170135498046875
503,0.0634765625,0.09716796875,0.0111083984375,0.015869140625,0.03271484375,0.0091552734375,0.033203125,-0.009033203125,0.0322265625,0.00482177734375
504,0.0654296875,0.09765625,0.013916015625,0.020751953125,0.031005859375,0.0084228515625,0.033447265625,-0.00714111328125,0.03466796875,0.0072021484375
505,0.0634765625,0.0947265625,0.01318359375,0.019287109375,0.03515625,0.00982666015625,0.034423828125,-0.00860595703125,0.032958984375,0.00946044921875
506,0.0625,0.095703125,0.012451171875,0.0177001953125,0.034912109375,0.0074462890625,0.034423828125,-0.007720947265625,0.033203125,0.007537841796875
507,0.0615234375,0.095703125,0.01025390625,0.01953125,0.03564453125,0.01104736328125,0.033447265625,-0.0023193359375,0.034912109375,0.00787353515625
508,0.060791015625,0.0927734375,0.0169677734375,0.0230712890625,0.037353515625,0.0081787109375,0.0341796875,-0.0101318359375,0.033203125,0.006866455078125
509,0.0625,0.09619140625,0.01348876953125,0.0196533203125,0.03515625,0.00970458984375,0.03466796875,-0.00250244140625,0.033447265625,0.006988525390625
510,0.064453125,0.0986328125,0.007232666015625,0.0179443359375,0.03076171875,0.0032196044921875,0.0299072265625,-0.01397705078125,0.0294189453125,-0.00017261505126953125
511,0.06884765625,0.10400390625,0.006805419921875,0.021240234375,0.0311279296875,0.001708984375,0.0272216796875,-0.0164794921875,0.028564453125,-0.0020751953125
512,0.0673828125,0.10400390625,0.00958251953125,0.0220947265625,0.03466796875,0.0026702880859375,0.029541015625,-0.0142822265625,0.031005859375,-0.00020313262939453125
513,0.06787109375,0.1025390625,0.01068115234375,0.0191650390625,0.033203125,0.00762939453125,0.0303955078125,-0.011474609375,0.031494140625,0.002899169921875
514,0.06982421875,0.103515625,0.01348876953125,0.02392578125,0.031494140625,0.00689697265625,0.03076171875,-0.00958251953125,0.03369140625,0.00531005859375
515,0.06787109375,0.10009765625,0.01275634765625,0.0225830078125,0.035400390625,0.00830078125,0.03173828125,-0.01104736328125,0.0322265625,0.007568359375
516,0.06689453125,0.10107421875,0.01202392578125,0.0208740234375,0.035400390625,0.00592041015625,0.03173828125,-0.01019287109375,0.032470703125,0.005645751953125
517,0.06591796875,0.1015625,0.00982666015625,0.0228271484375,0.035888671875,0.00958251953125,0.03076171875,-0.004791259765625,0.0341796875,0.0059814453125
518,0.0654296875,0.09814453125,0.0166015625,0.0263671875,0.037841796875,0.006683349609375,0.031494140625,-0.01263427734375,0.032470703125,0.004974365234375
519,0.0673828125,0.10205078125,0.0130615234375,0.0228271484375,0.03564453125,0.0081787109375,0.031982421875,-0.004974365234375,0.03271484375,0.005096435546875
520,0.06298828125,0.09814453125,0.010009765625,0.018798828125,0.0341796875,0.004180908203125,0.0322265625,-0.0118408203125,0.03173828125,0.00170135498046875
521,0.0673828125,0.10400390625,0.00958251953125,0.0220947265625,0.03466796875,0.0026702880859375,0.029541015625,-0.0142822265625,0.031005859375,-0.00020313262939453125
522,0.06591796875,0.103515625,0.01239013671875,0.0228271484375,0.0380859375,0.0036468505859375,0.03173828125,-0.01214599609375,0.033447265625,0.00167083740234375
523,0.06640625,0.1025390625,0.01348876953125,0.02001953125,0.03662109375,0.00860595703125,0.03271484375,-0.00933837890625,0.033935546875,0.0047607421875
524,0.068359375,0.10302734375,0.0162353515625,0.0247802734375,0.034912109375,0.00787353515625,0.032958984375,-0.0074462890625,0.0361328125,0.007171630859375
525,0.06640625,0.10009765625,0.0155029296875,0.0234375,0.0390625,0.00927734375,0.033935546875,-0.0089111328125,0.034423828125,0.00946044921875
526,0.0654296875,0.10107421875,0.0147705078125,0.021728515625,0.038818359375,0.00689697265625,0.033935546875,-0.008056640625,0.034912109375,0.00750732421875
527,0.064453125,0.10107421875,0.0125732421875,0.023681640625,0.03955078125,0.010498046875,0.032958984375,-0.00262451171875,0.03662109375,0.00787353515625
528,0.0634765625,0.09814453125,0.0194091796875,0.027099609375,0.041259765625,0.007659912109375,0.03369140625,-0.01043701171875,0.034912109375,0.0068359375
529,0.06591796875,0.1015625,0.015869140625,0.023681640625,0.039306640625,0.0091552734375,0.0341796875,-0.0028076171875,0.034912109375,0.0069580078125
530,0.0634765625,0.09716796875,0.0111083984375,0.015869140625,0.03271484375,0.0091552734375,0.033203125,-0.009033203125,0.0322265625,0.00482177734375
531,0.06787109375,0.1025390625,0.01068115234375,0.0191650390625,0.033203125,0.00762939453125,0.0303955078125,-0.011474609375,0.031494140625,0.002899169921875
532,0.06640625,0.1025390625,0.01348876953125,0.02001953125,0.03662109375,0.00860595703125,0.03271484375,-0.00933837890625,0.033935546875,0.0047607421875
533,0.06689453125,0.10107421875,0.01458740234375,0.01708984375,0.03515625,0.0135498046875,0.033447265625,-0.006500244140625,0.034423828125,0.00787353515625
534,0.06884765625,0.10205078125,0.017333984375,0.0218505859375,0.033447265625,0.0128173828125,0.033935546875,-0.004638671875,0.03662109375,0.01031494140625
535,0.06689453125,0.0986328125,0.0166015625,0.0205078125,0.037353515625,0.01422119140625,0.034912109375,-0.006103515625,0.03515625,0.0125732421875
536,0.06591796875,0.099609375,0.015869140625,0.018798828125,0.037353515625,0.0118408203125,0.034912109375,-0.005218505859375,0.035400390625,0.0106201171875
537,0.06494140625,0.10009765625,0.013671875,0.020751953125,0.037841796875,0.0155029296875,0.033935546875,0.00019359588623046875,0.037109375,0.010986328125
538,0.064453125,0.0966796875,0.0205078125,0.024169921875,0.039794921875,0.01263427734375,0.03466796875,-0.00762939453125,0.035400390625,0.00994873046875
539,0.06640625,0.1005859375,0.0169677734375,0.020751953125,0.03759765625,0.01409912109375,0.03515625,1.0192394256591797e-05,0.03564453125,0.01007080078125
540,0.0654296875,0.09765625,0.013916015625,0.020751953125,0.031005859375,0.0084228515625,0.033447265625,-0.00714111328125,0.03466796875,0.0072021484375
541,0.06982421875,0.103515625,0.01348876953125,0.02392578125,0.031494140625,0.00689697265625,0.03076171875,-0.00958251953125,0.03369140625,0.00531005859375
542,0.068359375,0.10302734375,0.0162353515625,0.0247802734375,0.034912109375,0.00787353515625,0.032958984375,-0.0074462890625,0.0361328125,0.007171630859375
543,0.06884765625,0.10205078125,0.017333984375,0.0218505859375,0.033447265625,0.0128173828125,0.033935546875,-0.004638671875,0.03662109375,0.01031494140625
544,0.0703125,0.1025390625,0.0201416015625,0.0267333984375,0.03173828125,0.0120849609375,0.0341796875,-0.00274658203125,0.038818359375,0.0126953125
545,0.06884765625,0.099609375,0.0194091796875,0.0252685546875,0.03564453125,0.01348876953125,0.03515625,-0.00421142578125,0.037353515625,0.01495361328125
546,0.06787109375,0.1005859375,0.0186767578125,0.023681640625,0.03564453125,0.0111083984375,0.03515625,-0.003326416015625,0.03759765625,0.01300048828125
547,0.06689453125,0.1005859375,0.0164794921875,0.0255126953125,0.0361328125,0.0147705078125,0.0341796875,0.0020751953125,0.039306640625,0.01336669921875
548,0.06591796875,0.09765625,0.0233154296875,0.029052734375,0.0380859375,0.01190185546875,0.034912109375,-0.005767822265625,0.03759765625,0.0123291015625
549,0.06787109375,0.10107421875,0.019775390625,0.025634765625,0.0361328125,0.01336669921875,0.035400390625,0.00189208984375,0.037841796875,0.012451171875
550,0.0634765625,0.0947265625,0.01318359375,0.019287109375,0.03515625,0.00982666015625,0.034423828125,-0.00860595703125,0.032958984375,0.00946044921875
551,0.06787109375,0.10009765625,0.01275634765625,0.0225830078125,0.035400390625,0.00830078125,0.03173828125,-0.01104736328125,0.0322265625,0.007568359375
552,0.06640625,0.10009765625,0.0155029296875,0.0234375,0.0390625,0.00927734375,0.033935546875,-0.0089111328125,0.034423828125,0.00946044921875
553,0.06689453125,0.0986328125,0.0166015625,0.0205078125,0.037353515625,0.01422119140625,0.034912109375,-0.006103515625,0.03515625,0.0125732421875
554,0.06884765625,0.099609375,0.0194091796875,0.0252685546875,0.03564453125,0.01348876953125,0.03515625,-0.00421142578125,0.037353515625,0.01495361328125
555,0.06689453125,0.09619140625,0.0186767578125,0.02392578125,0.039794921875,0.014892578125,0.0361328125,-0.00567626953125,0.03564453125,0.0172119140625
556,0.06591796875,0.09716796875,0.0179443359375,0.022216796875,0.03955078125,0.01251220703125,0.0361328125,-0.004791259765625,0.035888671875,0.0152587890625
557,0.06494140625,0.09765625,0.0157470703125,0.024169921875,0.040283203125,0.01611328125,0.03515625,0.0006103515625,0.03759765625,0.015625
558,0.064453125,0.09423828125,0.0225830078125,0.0277099609375,0.0419921875,0.0133056640625,0.035888671875,-0.007232666015625,0.0361328125,0.01458740234375
559,0.06640625,0.09814453125,0.01904296875,0.024169921875,0.0400390625,0.0147705078125,0.036376953125,0.00042724609375,0.0361328125,0.01470947265625
560,0.0625,0.095703125,0.012451171875,0.0177001953125,0.034912109375,0.0074462890625,0.034423828125,-0.007720947265625,0.033203125,0.007537841796875
561,0.06689453125,0.10107421875,0.01202392578125,0.0208740234375,0.035400390625,0.00592041015625,0.03173828125,-0.01019287109375,0.032470703125,0.005645751953125
562,0.0654296875,0.10107421875,0.0147705078125,0.021728515625,0.038818359375,0.00689697265625,0.033935546875,-0.008056640625,0.034912109375,0.00750732421875
563,0.06591796875,0.099609375,0.015869140625,0.018798828125,0.037353515625,0.0118408203125,0.034912109375,-0.005218505859375,0.035400390625,0.0106201171875
564,0.06787109375,0.1005859375,0.0186767578125,0.023681640625,0.03564453125,0.0111083984375,0.03515625,-0.003326416015625,0.03759765625,0.01300048828125
565,0.06591796875,0.09716796875,0.0179443359375,0.022216796875,0.03955078125,0.01251220703125,0.0361328125,-0.004791259765625,0.035888671875,0.0152587890625
566,0.0654296875,0.09814453125,0.0172119140625,0.0206298828125,0.03955078125,0.0101318359375,0.0361328125,-0.003936767578125,0.036376953125,0.01336669921875
567,0.06396484375,0.0986328125,0.0150146484375,0.0224609375,0.0400390625,0.0137939453125,0.03515625,0.00148773193359375,0.0380859375,0.013671875
568,0.0634765625,0.09521484375,0.0218505859375,0.0260009765625,0.0419921875,0.01092529296875,0.035888671875,-0.00634765625,0.036376953125,0.0126953125
569,0.0654296875,0.09912109375,0.018310546875,0.0225830078125,0.039794921875,0.01239013671875,0.036376953125,0.00130462646484375,0.036376953125,0.0128173828125
570,0.0615234375,0.095703125,0.01025390625,0.01953125,0.03564453125,0.01104736328125,0.033447265625,-0.0023193359375,0.034912109375,0.00787353515625
571,0.06591796875,0.1015625,0.00982666015625,0.0228271484375,0.035888671875,0.00958251953125,0.03076171875,-0.004791259765625,0.0341796875,0.0059814453125
572,0.064453125,0.10107421875,0.0125732421875,0.023681640625,0.03955078125,0.010498046875,0.032958984375,-0.00262451171875,0.03662109375,0.00787353515625
573,0.06494140625,0.10009765625,0.013671875,0.020751953125,0.037841796875,0.0155029296875,0.033935546875,0.00019359588623046875,0.037109375,0.010986328125
574,0.06689453125,0.1005859375,0.0164794921875,0.0255126953125,0.0361328125,0.0147705078125,0.0341796875,0.0020751953125,0.039306640625,0.01336669921875
575,0.06494140625,0.09765625,0.0157470703125,0.024169921875,0.040283203125,0.01611328125,0.03515625,0.0006103515625,0.03759765625,0.015625
576,0.06396484375,0.0986328125,0.0150146484375,0.0224609375,0.0400390625,0.0137939453125,0.03515625,0.00148773193359375,0.0380859375,0.013671875
577,0.06298828125,0.0986328125,0.0128173828125,0.0244140625,0.040771484375,0.0174560546875,0.0341796875,0.00689697265625,0.039794921875,0.0140380859375
578,0.062255859375,0.095703125,0.0196533203125,0.0279541015625,0.04248046875,0.0145263671875,0.034912109375,-0.000934600830078125,0.0380859375,0.01300048828125
579,0.064453125,0.09912109375,0.01611328125,0.0244140625,0.04052734375,0.01611328125,0.035400390625,0.0067138671875,0.0380859375,0.01312255859375
580,0.060791015625,0.0927734375,0.0169677734375,0.0230712890625,0.037353515625,0.0081787109375,0.0341796875,-0.0101318359375,0.033203125,0.006866455078125
581,0.0654296875,0.09814453125,0.0166015625,0.0263671875,0.037841796875,0.006683349609375,0.031494140625,-0.01263427734375,0.032470703125,0.004974365234375
582,0.0634765625,0.09814453125,0.0194091796875,0.027099609375,0.041259765625,0.007659912109375,0.03369140625,-0.01043701171875,0.034912109375,0.0068359375
583,0.064453125,0.0966796875,0.0205078125,0.024169921875,0.039794921875,0.01263427734375,0.03466796875,-0.00762939453125,0.035400390625,0.00994873046875
584,0.06591796875,0.09765625,0.0233154296875,0.029052734375,0.0380859375,0.01190185546875,0.034912109375,-0.005767822265625,0.03759765625,0.0123291015625
585,0.064453125,0.09423828125,0.0225830078125,0.0277099609375,0.0419921875,0.0133056640625,0.035888671875,-0.007232666015625,0.0361328125,0.01458740234375
586,0.0634765625,0.09521484375,0.0218505859375,0.0260009765625,0.0419921875,0.01092529296875,0.035888671875,-0.00634765625,0.036376953125,0.0126953125
587,0.062255859375,0.095703125,0.0196533203125,0.0279541015625,0.04248046875,0.0145263671875,0.034912109375,-0.000934600830078125,0.0380859375,0.01300048828125
588,0.0615234375,0.0927734375,0.0263671875,0.031494140625,0.04443359375,0.01165771484375,0.03564453125,-0.0087890625,0.036376953125,0.01202392578125
589,0.0634765625,0.09619140625,0.0228271484375,0.0279541015625,0.042236328125,0.01318359375,0.0361328125,-0.00112152099609375,0.03662109375,0.01214599609375
590,0.0625,0.09619140625,0.01348876953125,0.0196533203125,0.03515625,0.00970458984375,0.03466796875,-0.00250244140625,0.033447265625,0.006988525390625
591,0.0673828125,0.10205078125,0.0130615234375,0.0228271484375,0.03564453125,0.0081787109375,0.031982421875,-0.004974365234375,0.03271484375,0.005096435546875
592,0.06591796875,0.1015625,0.015869140625,0.023681640625,0.039306640625,0.0091552734375,0.0341796875,-0.0028076171875,0.034912109375,0.0069580078125
593,0.06640625,0.1005859375,0.0169677734375,0.020751953125,0.03759765625,0.01409912109375,0.03515625,1.0192394256591797e-05,0.03564453125,0.01007080078125
594,0.06787109375,0.10107421875,0.019775390625,0.025634765625,0.0361328125,0.01336669921875,0.035400390625,0.00189208984375,0.037841796875,0.012451171875
595,0.06640625,0.09814453125,0.01904296875,0.024169921875,0.0400390625,0.0147705078125,0.036376953125,0.00042724609375,0.0361328125,0.01470947265625
596,0.0654296875,0.09912109375,0.018310546875,0.0225830078125,0.039794921875,0.01239013671875,0.036376953125,0.00130462646484375,0.036376953125,0.0128173828125
597,0.064453125,0.09912109375,0.01611328125,0.0244140625,0.04052734375,0.01611328125,0.035400390625,0.0067138671875,0.0380859375,0.01312255859375
598,0.0634765625,0.09619140625,0.0228271484375,0.0279541015625,0.042236328125,0.01318359375,0.0361328125,-0.00112152099609375,0.03662109375,0.01214599609375
599,0.0654296875,0.099609375,0.019287109375,0.0245361328125,0.040283203125,0.01470947265625,0.03662109375,0.00653076171875,0.03662109375,0.01226806640625
600,0.05908203125,0.09375,0.00689697265625,0.0130615234375,0.0301513671875,0.002349853515625,0.03271484375,-0.01068115234375,0.030517578125,-0.00020313262939453125
601,0.0634765625,0.099609375,0.006500244140625,0.016357421875,0.030517578125,0.000843048095703125,0.0299072265625,-0.01312255859375,0.0296630859375,-0.002105712890625
602,0.06201171875,0.09912109375,0.00927734375,0.01708984375,0.0341796875,0.00180816650390625,0.0322265625,-0.010986328125,0.0322265625,-0.00023365020751953125
603,0.0625,0.09814453125,0.0103759765625,0.01422119140625,0.032470703125,0.00677490234375,0.033203125,-0.0081787109375,0.03271484375,0.00286865234375
604,0.064453125,0.0986328125,0.01318359375,0.01904296875,0.0308837890625,0.00604248046875,0.033447265625,-0.006256103515625,0.034912109375,0.005279541015625
605,0.0625,0.095703125,0.012451171875,0.0177001953125,0.034912109375,0.0074462890625,0.034423828125,-0.007720947265625,0.033203125,0.007537841796875
606,0.061767578125,0.0966796875,0.01171875,0.0159912109375,0.03466796875,0.00506591796875,0.034423828125,-0.006866455078125,0.03369140625,0.005615234375
607,0.060546875,0.0966796875,0.009521484375,0.0179443359375,0.035400390625,0.0086669921875,0.033447265625,-0.00144195556640625,0.03515625,0.005950927734375
608,0.059814453125,0.09375,0.0162353515625,0.0213623046875,0.037109375,0.005828857421875,0.0341796875,-0.00927734375,0.03369140625,0.00494384765625
609,0.06201171875,0.09716796875,0.01275634765625,0.0179443359375,0.03515625,0.00732421875,0.03466796875,-0.00162506103515625,0.03369140625,0.00506591796875
610,0.0634765625,0.099609375,0.006500244140625,0.016357421875,0.030517578125,0.000843048095703125,0.0299072265625,-0.01312255859375,0.0296630859375,-0.002105712890625
611,0.06787109375,0.10498046875,0.006072998046875,0.01953125,0.031005859375,-0.00067138671875,0.0272216796875,-0.01556396484375,0.0289306640625,-0.003997802734375
612,0.06640625,0.10498046875,0.00885009765625,0.0203857421875,0.034423828125,0.0002956390380859375,0.029541015625,-0.013427734375,0.03125,-0.00213623046875
613,0.06689453125,0.103515625,0.00994873046875,0.0174560546875,0.032958984375,0.0052490234375,0.0303955078125,-0.0106201171875,0.03173828125,0.000972747802734375
614,0.06884765625,0.1044921875,0.01275634765625,0.0223388671875,0.03125,0.0045166015625,0.03076171875,-0.00872802734375,0.0341796875,0.0033721923828125
615,0.06689453125,0.10107421875,0.01202392578125,0.0208740234375,0.035400390625,0.00592041015625,0.03173828125,-0.01019287109375,0.032470703125,0.005645751953125
616,0.06640625,0.10205078125,0.01129150390625,0.019287109375,0.03515625,0.0035400390625,0.03173828125,-0.00933837890625,0.03271484375,0.0037078857421875
617,0.06494140625,0.1025390625,0.00909423828125,0.0211181640625,0.035888671875,0.007171630859375,0.03076171875,-0.00390625,0.034423828125,0.004058837890625
618,0.064453125,0.09912109375,0.015869140625,0.024658203125,0.03759765625,0.004302978515625,0.031494140625,-0.01171875,0.03271484375,0.0030364990234375
619,0.06640625,0.10302734375,0.0123291015625,0.021240234375,0.03564453125,0.005828857421875,0.031982421875,-0.00408935546875,0.032958984375,0.0031585693359375
620,0.06201171875,0.09912109375,0.00927734375,0.01708984375,0.0341796875,0.00180816650390625,0.0322265625,-0.010986328125,0.0322265625,-0.00023365020751953125
621,0.06640625,0.10498046875,0.00885009765625,0.0203857421875,0.034423828125,0.0002956390380859375,0.029541015625,-0.013427734375,0.03125,-0.00213623046875
622,0.06494140625,0.1044921875,0.01165771484375,0.021240234375,0.0380859375,0.00125885009765625,0.03173828125,-0.01129150390625,0.03369140625,-0.0002651214599609375
623,0.0654296875,0.103515625,0.01275634765625,0.018310546875,0.036376953125,0.0062255859375,0.03271484375,-0.0084228515625,0.0341796875,0.002838134765625
624,0.0673828125,0.10400390625,0.0155029296875,0.0230712890625,0.03466796875,0.0054931640625,0.032958984375,-0.006561279296875,0.036376953125,0.0052490234375
625,0.0654296875,0.10107421875,0.0147705078125,0.021728515625,0.038818359375,0.00689697265625,0.033935546875,-0.008056640625,0.034912109375,0.00750732421875
626,0.06494140625,0.10205078125,0.0140380859375,0.02001953125,0.03857421875,0.0045166015625,0.033935546875,-0.007171630859375,0.03515625,0.005584716796875
627,0.0634765625,0.10205078125,0.0118408203125,0.02197265625,0.039306640625,0.0081787109375,0.032958984375,-0.00174713134765625,0.036865234375,0.00592041015625
628,0.06298828125,0.09912109375,0.0186767578125,0.0255126953125,0.041015625,0.005279541015625,0.03369140625,-0.00958251953125,0.03515625,0.004913330078125
629,0.06494140625,0.1025390625,0.01513671875,0.02197265625,0.0390625,0.00677490234375,0.0341796875,-0.00193023681640625,0.035400390625,0.005035400390625
630,0.0625,0.09814453125,0.0103759765625,0.01422119140625,0.032470703125,0.00677490234375,0.033203125,-0.0081787109375,0.03271484375,0.00286865234375
631,0.06689453125,0.103515625,0.00994873046875,0.0174560546875,0.032958984375,0.0052490234375,0.0303955078125,-0.0106201171875,0.03173828125,0.000972747802734375
632,0.0654296875,0.103515625,0.01275634765625,0.018310546875,0.036376953125,0.0062255859375,0.03271484375,-0.0084228515625,0.0341796875,0.002838134765625
633,0.06591796875,0.10205078125,0.01385498046875,0.015380859375,0.034912109375,0.01116943359375,0.033447265625,-0.005645751953125,0.034912109375,0.005950927734375
634,0.06787109375,0.10302734375,0.0166015625,0.020263671875,0.033203125,0.01043701171875,0.033935546875,-0.003753662109375,0.037109375,0.00836181640625
635,0.06591796875,0.099609375,0.015869140625,0.018798828125,0.037353515625,0.0118408203125,0.034912109375,-0.005218505859375,0.035400390625,0.0106201171875
636,0.0654296875,0.1005859375,0.01513671875,0.01708984375,0.037109375,0.00946044921875,0.034912109375,-0.00433349609375,0.03564453125,0.0086669921875
637,0.06396484375,0.10107421875,0.012939453125,0.01904296875,0.037841796875,0.01312255859375,0.033935546875,0.001068115234375,0.037353515625,0.009033203125
638,0.0634765625,0.09765625,0.019775390625,0.0225830078125,0.03955078125,0.01025390625,0.03466796875,-0.00677490234375,0.035888671875,0.00799560546875
639,0.0654296875,0.1015625,0.0162353515625,0.01904296875,0.03759765625,0.01171875,0.03515625,0.000885009765625,0.035888671875,0.00811767578125
640,0.064453125,0.0986328125,0.01318359375,0.01904296875,0.0308837890625,0.00604248046875,0.033447265625,-0.006256103515625,0.034912109375,0.005279541015625
641,0.06884765625,0.1044921875,0.01275634765625,0.0223388671875,0.03125,0.0045166015625,0.03076171875,-0.00872802734375,0.0341796875,0.0033721923828125
642,0.0673828125,0.10400390625,0.0155029296875,0.0230712890625,0.03466796875,0.0054931640625,0.032958984375,-0.006561279296875,0.036376953125,0.0052490234375
643,0.06787109375,0.10302734375,0.0166015625,0.020263671875,0.033203125,0.01043701171875,0.033935546875,-0.003753662109375,0.037109375,0.00836181640625
644,0.06982421875,0.103515625,0.0194091796875,0.0250244140625,0.031494140625,0.00970458984375,0.0341796875,-0.00186920166015625,0.039306640625,0.0107421875
645,0.06787109375,0.1005859375,0.0186767578125,0.023681640625,0.03564453125,0.0111083984375,0.03515625,-0.003326416015625,0.03759765625,0.01300048828125
646,0.06689453125,0.1015625,0.0179443359375,0.02197265625,0.035400390625,0.00872802734375,0.03515625,-0.0024566650390625,0.037841796875,0.0111083984375
647,0.06591796875,0.1015625,0.0157470703125,0.02392578125,0.0361328125,0.01239013671875,0.0341796875,0.002960205078125,0.03955078125,0.01141357421875
648,0.0654296875,0.0986328125,0.0225830078125,0.02734375,0.037841796875,0.009521484375,0.034912109375,-0.0048828125,0.0380859375,0.01043701171875
649,0.0673828125,0.10205078125,0.01904296875,0.02392578125,0.035888671875,0.010986328125,0.035400390625,0.002777099609375,0.0380859375,0.01055908203125
650,0.0625,0.095703125,0.012451171875,0.0177001953125,0.034912109375,0.0074462890625,0.034423828125,-0.007720947265625,0.033203125,0.007537841796875
651,0.06689453125,0.10107421875,0.01202392578125,0.0208740234375,0.035400390625,0.00592041015625,0.03173828125,-0.01019287109375,0.032470703125,0.005645751953125
652,0.0654296875,0.10107421875,0.0147705078125,0.021728515625,0.038818359375,0.00689697265625,0.033935546875,-0.008056640625,0.034912109375,0.00750732421875
653,0.06591796875,0.099609375,0.015869140625,0.018798828125,0.037353515625,0.0118408203125,0.034912109375,-0.005218505859375,0.035400390625,0.0106201171875
654,0.06787109375,0.1005859375,0.0186767578125,0.023681640625,0.03564453125,0.0111083984375,0.03515625,-0.003326416015625,0.03759765625,0.01300048828125
655,0.06591796875,0.09716796875,0.0179443359375,0.022216796875,0.03955078125,0.01251220703125,0.0361328125,-0.004791259765625,0.035888671875,0.0152587890625
656,0.0654296875,0.09814453125,0.0172119140625,0.0206298828125,0.03955078125,0.0101318359375,0.0361328125,-0.003936767578125,0.036376953125,0.01336669921875
657,0.06396484375,0.0986328125,0.0150146484375,0.0224609375,0.0400390625,0.0137939453125,0.03515625,0.00148773193359375,0.0380859375,0.013671875
658,0.0634765625,0.09521484375,0.0218505859375,0.0260009765625,0.0419921875,0.01092529296875,0.035888671875,-0.00634765625,0.036376953125,0.0126953125
659,0.0654296875,0.09912109375,0.018310546875,0.0225830078125,0.039794921875,0.01239013671875,0.036376953125,0.00130462646484375,0.036376953125,0.0128173828125
660,0.061767578125,0.0966796875,0.01171875,0.0159912109375,0.03466796875,0.00506591796875,0.034423828125,-0.006866455078125,0.03369140625,0.005615234375
661,0.06640625,0.10205078125,0.01129150390625,0.019287109375,0.03515625,0.0035400390625,0.03173828125,-0.00933837890625,0.03271484375,0.0037078857421875
662,0.06494140625,0.10205078125,0.0140380859375,0.02001953125,0.03857421875,0.0045166015625,0.033935546875,-0.007171630859375,0.03515625,0.005584716796875
663,0.0654296875,0.1005859375,0.01513671875,0.01708984375,0.037109375,0.00946044921875,0.034912109375,-0.00433349609375,0.03564453125,0.0086669921875
664,0.06689453125,0.1015625,0.0179443359375,0.02197265625,0.035400390625,0.00872802734375,0.03515625,-0.0024566650390625,0.037841796875,0.0111083984375
665,0.0654296875,0.09814453125,0.0172119140625,0.0206298828125,0.03955078125,0.0101318359375,0.0361328125,-0.003936767578125,0.036376953125,0.01336669921875
666,0.064453125,0.09912109375,0.0164794921875,0.0189208984375,0.039306640625,0.00775146484375,0.0361328125,-0.0030517578125,0.03662109375,0.01141357421875
667,0.0634765625,0.099609375,0.0142822265625,0.0208740234375,0.0400390625,0.01141357421875,0.03515625,0.0023651123046875,0.038330078125,0.01177978515625
668,0.0625,0.09619140625,0.0211181640625,0.0242919921875,0.041748046875,0.008544921875,0.035888671875,-0.005462646484375,0.03662109375,0.0107421875
669,0.064453125,0.10009765625,0.017578125,0.0208740234375,0.039794921875,0.010009765625,0.036376953125,0.0021820068359375,0.036865234375,0.0108642578125
670,0.060546875,0.0966796875,0.009521484375,0.0179443359375,0.035400390625,0.0086669921875,0.033447265625,-0.00144195556640625,0.03515625,0.005950927734375
671,0.06494140625,0.1025390625,0.00909423828125,0.0211181640625,0.035888671875,0.007171630859375,0.03076171875,-0.00390625,0.034423828125,0.004058837890625
672,0.0634765625,0.10205078125,0.0118408203125,0.02197265625,0.039306640625,0.0081787109375,0.032958984375,-0.00174713134765625,0.036865234375,0.00592041015625
673,0.06396484375,0.10107421875,0.012939453125,0.01904296875,0.037841796875,0.01312255859375,0.033935546875,0.001068115234375,0.037353515625,0.009033203125
674,0.06591796875,0.1015625,0.0157470703125,0.02392578125,0.0361328125,0.01239013671875,0.0341796875,0.002960205078125,0.03955078125,0.01141357421875
675,0.06396484375,0.0986328125,0.0150146484375,0.0224609375,0.0400390625,0.0137939453125,0.03515625,0.00148773193359375,0.0380859375,0.013671875
676,0.0634765625,0.099609375,0.0142822265625,0.0208740234375,0.0400390625,0.01141357421875,0.03515625,0.0023651123046875,0.038330078125,0.01177978515625
677,0.062255859375,0.099609375,0.0120849609375,0.022705078125,0.04052734375,0.0150146484375,0.0341796875,0.007781982421875,0.0400390625,0.0120849609375
678,0.0615234375,0.0966796875,0.0189208984375,0.0262451171875,0.04248046875,0.01214599609375,0.034912109375,-6.103515625e-05,0.038330078125,0.0111083984375
679,0.0634765625,0.10009765625,0.01531982421875,0.0228271484375,0.040283203125,0.013671875,0.035400390625,0.007598876953125,0.03857421875,0.01123046875
680,0.059814453125,0.09375,0.0162353515625,0.0213623046875,0.037109375,0.005828857421875,0.0341796875,-0.00927734375,0.03369140625,0.00494384765625
681,0.064453125,0.09912109375,0.015869140625,0.024658203125,0.03759765625,0.004302978515625,0.031494140625,-0.01171875,0.03271484375,0.0030364990234375
682,0.06298828125,0.09912109375,0.0186767578125,0.0255126953125,0.041015625,0.005279541015625,0.03369140625,-0.00958251953125,0.03515625,0.004913330078125
683,0.0634765625,0.09765625,0.019775390625,0.0225830078125,0.03955078125,0.01025390625,0.03466796875,-0.00677490234375,0.035888671875,0.00799560546875
684,0.0654296875,0.0986328125,0.0225830078125,0.02734375,0.037841796875,0.009521484375,0.034912109375,-0.0048828125,0.0380859375,0.01043701171875
685,0.0634765625,0.09521484375,0.0218505859375,0.0260009765625,0.0419921875,0.01092529296875,0.035888671875,-0.00634765625,0.036376953125,0.0126953125
686,0.0625,0.09619140625,0.0211181640625,0.0242919921875,0.041748046875,0.008544921875,0.035888671875,-0.005462646484375,0.03662109375,0.0107421875
687,0.0615234375,0.0966796875,0.0189208984375,0.0262451171875,0.04248046875,0.01214599609375,0.034912109375,-6.103515625e-05,0.038330078125,0.0111083984375
688,0.060791015625,0.09375,0.025634765625,0.02978515625,0.044189453125,0.00927734375,0.03564453125,-0.00787353515625,0.036865234375,0.01007080078125
689,0.0625,0.09716796875,0.0220947265625,0.0262451171875,0.042236328125,0.01080322265625,0.0361328125,-0.000244140625,0.036865234375,0.01019287109375
690,0.06201171875,0.09716796875,0.01275634765625,0.0179443359375,0.03515625,0.00732421875,0.03466796875,-0.00162506103515625,0.03369140625,0.00506591796875
691,0.06640625,0.10302734375,0.0123291015625,0.021240234375,0.03564453125,0.005828857421875,0.031982421875,-0.00408935546875,0.032958984375,0.0031585693359375
692,0.06494140625,0.1025390625,0.01513671875,0.02197265625,0.0390625,0.00677490234375,0.0341796875,-0.00193023681640625,0.035400390625,0.005035400390625
693,0.0654296875,0.1015625,0.0162353515625,0.01904296875,0.03759765625,0.01171875,0.03515625,0.000885009765625,0.035888671875,0.00811767578125
694,0.0673828125,0.10205078125,0.01904296875,0.02392578125,0.035888671875,0.010986328125,0.035400390625,0.002777099609375,0.0380859375,0.01055908203125
695,0.0654296875,0.09912109375,0.018310546875,0.0225830078125,0.039794921875,0.01239013671875,0.036376953125,0.00130462646484375,0.036376953125,0.0128173828125
696,0.064453125,0.10009765625,0.017578125,0.0208740234375,0.039794921875,0.010009765625,0.036376953125,0.0021820068359375,0.036865234375,0.0108642578125
697,0.0634765625,0.10009765625,0.01531982421875,0.0228271484375,0.040283203125,0.013671875,0.035400390625,0.007598876953125,0.03857421875,0.01123046875
698,0.0625,0.09716796875,0.0220947265625,0.0262451171875,0.042236328125,0.01080322265625,0.0361328125,-0.000244140625,0.036865234375,0.01019287109375
699,0.06494140625,0.1005859375,0.0185546875,0.0228271484375,0.0400390625,0.0123291015625,0.03662109375,0.007415771484375,0.036865234375,0.01031494140625
700,0.057861328125,0.09423828125,0.00469970703125,0.01495361328125,0.03076171875,0.006011962890625,0.03173828125,-0.0052490234375,0.0322265625,0.00014209747314453125
701,0.0625,0.099609375,0.004302978515625,0.0181884765625,0.03125,0.004486083984375,0.0289306640625,-0.007720947265625,0.031494140625,-0.00176239013671875
702,0.06103515625,0.099609375,0.007080078125,0.01904296875,0.03466796875,0.005462646484375,0.03125,-0.00555419921875,0.03369140625,0.00011205673217773438
703,0.0615234375,0.09814453125,0.0081787109375,0.01611328125,0.033203125,0.0103759765625,0.0322265625,-0.0027313232421875,0.034423828125,0.0032196044921875
704,0.0634765625,0.09912109375,0.010986328125,0.02099609375,0.031494140625,0.0096435546875,0.032470703125,-0.000850677490234375,0.03662109375,0.005615234375
705,0.0615234375,0.095703125,0.01025390625,0.01953125,0.03564453125,0.01104736328125,0.033447265625,-0.0023193359375,0.034912109375,0.00787353515625
706,0.060546875,0.0966796875,0.009521484375,0.0179443359375,0.035400390625,0.0086669921875,0.033447265625,-0.00144195556640625,0.03515625,0.005950927734375
707,0.0595703125,0.09716796875,0.007293701171875,0.019775390625,0.0361328125,0.0123291015625,0.032470703125,0.00396728515625,0.037109375,0.00628662109375
708,0.058837890625,0.09423828125,0.01409912109375,0.0233154296875,0.037841796875,0.00946044921875,0.033203125,-0.0038604736328125,0.035400390625,0.005279541015625
709,0.060791015625,0.09765625,0.01055908203125,0.0198974609375,0.03564453125,0.010986328125,0.03369140625,0.0037841796875,0.035400390625,0.005401611328125
710,0.0625,0.099609375,0.004302978515625,0.0181884765625,0.03125,0.004486083984375,0.0289306640625,-0.007720947265625,0.031494140625,-0.00176239013671875
711,0.06689453125,0.10546875,0.003875732421875,0.021484375,0.03173828125,0.0029754638671875,0.0262451171875,-0.01019287109375,0.0306396484375,-0.003662109375
712,0.0654296875,0.10498046875,0.00665283203125,0.0223388671875,0.03515625,0.003936767578125,0.028564453125,-0.00799560546875,0.032958984375,-0.00179290771484375
713,0.06591796875,0.10400390625,0.00775146484375,0.0194091796875,0.03369140625,0.0089111328125,0.0294189453125,-0.00518798828125,0.03369140625,0.00131988525390625
714,0.06787109375,0.1044921875,0.01055908203125,0.024169921875,0.031982421875,0.0081787109375,0.02978515625,-0.0033111572265625,0.03564453125,0.00372314453125
715,0.06591796875,0.1015625,0.00982666015625,0.0228271484375,0.035888671875,0.00958251953125,0.03076171875,-0.004791259765625,0.0341796875,0.0059814453125
716,0.06494140625,0.1025390625,0.00909423828125,0.0211181640625,0.035888671875,0.007171630859375,0.03076171875,-0.00390625,0.034423828125,0.004058837890625
717,0.06396484375,0.1025390625,0.006866455078125,0.0230712890625,0.036376953125,0.01080322265625,0.02978515625,0.00150299072265625,0.0361328125,0.00439453125
718,0.0634765625,0.099609375,0.013671875,0.026611328125,0.038330078125,0.0079345703125,0.030517578125,-0.006317138671875,0.03466796875,0.0033721923828125
719,0.0654296875,0.10302734375,0.0101318359375,0.0230712890625,0.0361328125,0.00946044921875,0.031005859375,0.00131988525390625,0.03466796875,0.0034942626953125
720,0.06103515625,0.099609375,0.007080078125,0.01904296875,0.03466796875,0.005462646484375,0.03125,-0.00555419921875,0.03369140625,0.00011205673217773438
721,0.0654296875,0.10498046875,0.00665283203125,0.0223388671875,0.03515625,0.003936767578125,0.028564453125,-0.00799560546875,0.032958984375,-0.00179290771484375
722,0.06396484375,0.10498046875,0.00946044921875,0.0230712890625,0.03857421875,0.004913330078125,0.0308837890625,-0.005859375,0.035400390625,8.153915405273438e-05
723,0.064453125,0.103515625,0.01055908203125,0.020263671875,0.037109375,0.0098876953125,0.03173828125,-0.0030364990234375,0.035888671875,0.0031890869140625
724,0.06640625,0.1044921875,0.0133056640625,0.0250244140625,0.035400390625,0.0091552734375,0.031982421875,-0.00115966796875,0.0380859375,0.005584716796875
725,0.064453125,0.10107421875,0.0125732421875,0.023681640625,0.03955078125,0.010498046875,0.032958984375,-0.00262451171875,0.03662109375,0.00787353515625
726,0.0634765625,0.10205078125,0.0118408203125,0.02197265625,0.039306640625,0.0081787109375,0.032958984375,-0.00174713134765625,0.036865234375,0.00592041015625
727,0.0625,0.1025390625,0.0096435546875,0.02392578125,0.0400390625,0.01177978515625,0.031982421875,0.003662109375,0.03857421875,0.006256103515625
728,0.061767578125,0.099609375,0.0164794921875,0.02734375,0.041748046875,0.0089111328125,0.03271484375,-0.004180908203125,0.036865234375,0.0052490234375
729,0.06396484375,0.10302734375,0.012939453125,0.02392578125,0.039794921875,0.01043701171875,0.033203125,0.00347900390625,0.037109375,0.00537109375
730,0.0615234375,0.09814453125,0.0081787109375,0.01611328125,0.033203125,0.0103759765625,0.0322265625,-0.0027313232421875,0.034423828125,0.0032196044921875
731,0.06591796875,0.10400390625,0.00775146484375,0.0194091796875,0.03369140625,0.0089111328125,0.0294189453125,-0.00518798828125,0.03369140625,0.00131988525390625
732,0.064453125,0.103515625,0.01055908203125,0.020263671875,0.037109375,0.0098876953125,0.03173828125,-0.0030364990234375,0.035888671875,0.0031890869140625
733,0.06494140625,0.1025390625,0.01165771484375,0.017333984375,0.03564453125,0.01483154296875,0.032470703125,-0.00022411346435546875,0.03662109375,0.00628662109375
734,0.06689453125,0.10302734375,0.014404296875,0.0220947265625,0.033935546875,0.01409912109375,0.032958984375,0.0016632080078125,0.038818359375,0.00872802734375
735,0.06494140625,0.10009765625,0.013671875,0.020751953125,0.037841796875,0.0155029296875,0.033935546875,0.00019359588623046875,0.037109375,0.010986328125
736,0.06396484375,0.10107421875,0.012939453125,0.01904296875,0.037841796875,0.01312255859375,0.033935546875,0.001068115234375,0.037353515625,0.009033203125
737,0.06298828125,0.10107421875,0.0107421875,0.02099609375,0.038330078125,0.0167236328125,0.032958984375,0.0064697265625,0.0390625,0.0093994140625
738,0.062255859375,0.09814453125,0.017578125,0.0244140625,0.040283203125,0.01385498046875,0.03369140625,-0.00135040283203125,0.03759765625,0.00836181640625
739,0.064453125,0.1015625,0.0140380859375,0.02099609375,0.0380859375,0.015380859375,0.0341796875,0.00628662109375,0.03759765625,0.00848388671875
740,0.0634765625,0.09912109375,0.010986328125,0.02099609375,0.031494140625,0.0096435546875,0.032470703125,-0.000850677490234375,0.03662109375,0.005615234375
741,0.06787109375,0.1044921875,0.01055908203125,0.024169921875,0.031982421875,0.0081787109375,0.02978515625,-0.0033111572265625,0.03564453125,0.00372314453125
742,0.06640625,0.1044921875,0.0133056640625,0.0250244140625,0.035400390625,0.0091552734375,0.031982421875,-0.00115966796875,0.0380859375,0.005584716796875
743,0.06689453125,0.10302734375,0.014404296875,0.0220947265625,0.033935546875,0.01409912109375,0.032958984375,0.0016632080078125,0.038818359375,0.00872802734375
744,0.068359375,0.10400390625,0.0172119140625,0.0269775390625,0.0322265625,0.01336669921875,0.033203125,0.0035400390625,0.041015625,0.0111083984375
745,0.06689453125,0.1005859375,0.0164794921875,0.0255126953125,0.0361328125,0.0147705078125,0.0341796875,0.0020751953125,0.039306640625,0.01336669921875
746,0.06591796875,0.1015625,0.0157470703125,0.02392578125,0.0361328125,0.01239013671875,0.0341796875,0.002960205078125,0.03955078125,0.01141357421875
747,0.06494140625,0.10205078125,0.0135498046875,0.0257568359375,0.03662109375,0.0159912109375,0.033203125,0.00836181640625,0.041259765625,0.01177978515625
748,0.06396484375,0.09912109375,0.0203857421875,0.029296875,0.03857421875,0.01312255859375,0.033935546875,0.000530242919921875,0.039794921875,0.0107421875
749,0.06591796875,0.1025390625,0.016845703125,0.02587890625,0.03662109375,0.0146484375,0.034423828125,0.0081787109375,0.039794921875,0.0108642578125
750,0.0615234375,0.095703125,0.01025390625,0.01953125,0.03564453125,0.01104736328125,0.033447265625,-0.0023193359375,0.034912109375,0.00787353515625
751,0.06591796875,0.1015625,0.00982666015625,0.0228271484375,0.035888671875,0.00958251953125,0.03076171875,-0.004791259765625,0.0341796875,0.0059814453125
752,0.064453125,0.10107421875,0.0125732421875,0.023681640625,0.03955078125,0.010498046875,0.032958984375,-0.00262451171875,0.03662109375,0.00787353515625
753,0.06494140625,0.10009765625,0.013671875,0.020751953125,0.037841796875,0.0155029296875,0.033935546875,0.00019359588623046875,0.037109375,0.010986328125
754,0.06689453125,0.1005859375,0.0164794921875,0.0255126953125,0.0361328125,0.0147705078125,0.0341796875,0.0020751953125,0.039306640625,0.01336669921875
755,0.06494140625,0.09765625,0.0157470703125,0.024169921875,0.040283203125,0.01611328125,0.03515625,0.0006103515625,0.03759765625,0.015625
756,0.06396484375,0.0986328125,0.0150146484375,0.0224609375,0.0400390625,0.0137939453125,0.03515625,0.00148773193359375,0.0380859375,0.013671875
757,0.06298828125,0.0986328125,0.0128173828125,0.0244140625,0.040771484375,0.0174560546875,0.0341796875,0.00689697265625,0.039794921875,0.0140380859375
758,0.062255859375,0.095703125,0.0196533203125,0.0279541015625,0.04248046875,0.0145263671875,0.034912109375,-0.000934600830078125,0.0380859375,0.01300048828125
759,0.064453125,0.09912109375,0.01611328125,0.0244140625,0.04052734375,0.01611328125,0.035400390625,0.0067138671875,0.0380859375,0.01312255859375
760,0.060546875,0.0966796875,0.009521484375,0.0179443359375,0.035400390625,0.0086669921875,0.033447265625,-0.00144195556640625,0.03515625,0.005950927734375
761,0.06494140625,0.1025390625,0.00909423828125,0.0211181640625,0.035888671875,0.007171630859375,0.03076171875,-0.00390625,0.034423828125,0.004058837890625
762,0.0634765625,0.10205078125,0.0118408203125,0.02197265625,0.039306640625,0.0081787109375,0.032958984375,-0.00174713134765625,0.036865234375,0.00592041015625
763,0.06396484375,0.10107421875,0.012939453125,0.01904296875,0.037841796875,0.01312255859375,0.033935546875,0.001068115234375,0.037353515625,0.009033203125
764,0.06591796875,0.1015625,0.0157470703125,0.02392578125,0.0361328125,0.01239013671875,0.0341796875,0.002960205078125,0.03955078125,0.01141357421875
765,0.06396484375,0.0986328125,0.0150146484375,0.0224609375,0.0400390625,0.0137939453125,0.03515625,0.00148773193359375,0.0380859375,0.013671875
766,0.0634765625,0.099609375,0.0142822265625,0.0208740234375,0.0400390625,0.01141357421875,0.03515625,0.0023651123046875,0.038330078125,0.01177978515625
767,0.062255859375,0.099609375,0.0120849609375,0.022705078125,0.04052734375,0.0150146484375,0.0341796875,0.007781982421875,0.0400390625,0.0120849609375
768,0.0615234375,0.0966796875,0.0189208984375,0.0262451171875,0.04248046875,0.01214599609375,0.034912109375,-6.103515625e-05,0.038330078125,0.0111083984375
769,0.0634765625,0.10009765625,0.01531982421875,0.0228271484375,0.040283203125,0.013671875,0.035400390625,0.007598876953125,0.03857421875,0.01123046875
770,0.0595703125,0.09716796875,0.007293701171875,0.019775390625,0.0361328125,0.0123291015625,0.032470703125,0.00396728515625,0.037109375,0.00628662109375
771,0.06396484375,0.1025390625,0.006866455078125,0.0230712890625,0.036376953125,0.01080322265625,0.02978515625,0.00150299072265625,0.0361328125,0.00439453125
772,0.0625,0.1025390625,0.0096435546875,0.02392578125,0.0400390625,0.01177978515625,0.031982421875,0.003662109375,0.03857421875,0.006256103515625
773,0.06298828125,0.10107421875,0.0107421875,0.02099609375,0.038330078125,0.0167236328125,0.032958984375,0.0064697265625,0.0390625,0.0093994140625
774,0.06494140625,0.10205078125,0.0135498046875,0.0257568359375,0.03662109375,0.0159912109375,0.033203125,0.00836181640625,0.041259765625,0.01177978515625
775,0.06298828125,0.0986328125,0.0128173828125,0.0244140625,0.040771484375,0.0174560546875,0.0341796875,0.00689697265625,0.039794921875,0.0140380859375
776,0.062255859375,0.099609375,0.0120849609375,0.022705078125,0.04052734375,0.0150146484375,0.0341796875,0.007781982421875,0.0400390625,0.0120849609375
777,0.06103515625,0.10009765625,0.0098876953125,0.024658203125,0.041259765625,0.0186767578125,0.033203125,0.01318359375,0.041748046875,0.012451171875
778,0.060302734375,0.09716796875,0.0167236328125,0.0281982421875,0.04296875,0.015869140625,0.033935546875,0.005340576171875,0.0400390625,0.01141357421875
779,0.062255859375,0.1005859375,0.01312255859375,0.024658203125,0.041015625,0.017333984375,0.034423828125,0.01300048828125,0.040283203125,0.01153564453125
780,0.058837890625,0.09423828125,0.01409912109375,0.0233154296875,0.037841796875,0.00946044921875,0.033203125,-0.0038604736328125,0.035400390625,0.005279541015625
781,0.0634765625,0.099609375,0.013671875,0.026611328125,0.038330078125,0.0079345703125,0.030517578125,-0.006317138671875,0.03466796875,0.0033721923828125
782,0.061767578125,0.099609375,0.0164794921875,0.02734375,0.041748046875,0.0089111328125,0.03271484375,-0.004180908203125,0.036865234375,0.0052490234375
783,0.062255859375,0.09814453125,0.017578125,0.0244140625,0.040283203125,0.01385498046875,0.03369140625,-0.00135040283203125,0.03759765625,0.00836181640625
784,0.06396484375,0.09912109375,0.0203857421875,0.029296875,0.03857421875,0.01312255859375,0.033935546875,0.000530242919921875,0.039794921875,0.0107421875
785,0.062255859375,0.095703125,0.0196533203125,0.0279541015625,0.04248046875,0.0145263671875,0.034912109375,-0.000934600830078125,0.0380859375,0.01300048828125
786,0.0615234375,0.0966796875,0.0189208984375,0.0262451171875,0.04248046875,0.01214599609375,0.034912109375,-6.103515625e-05,0.038330078125,0.0111083984375
787,0.060302734375,0.09716796875,0.0167236328125,0.0281982421875,0.04296875,0.015869140625,0.033935546875,0.005340576171875,0.0400390625,0.01141357421875
788,0.0595703125,0.09375,0.0234375,0.03173828125,0.044921875,0.012939453125,0.03466796875,-0.0024871826171875,0.03857421875,0.01043701171875
789,0.0615234375,0.09765625,0.0198974609375,0.0281982421875,0.042724609375,0.01446533203125,0.03515625,0.005157470703125,0.03857421875,0.01055908203125
790,0.060791015625,0.09765625,0.01055908203125,0.0198974609375,0.03564453125,0.010986328125,0.03369140625,0.0037841796875,0.035400390625,0.005401611328125
791,0.0654296875,0.10302734375,0.0101318359375,0.0230712890625,0.0361328125,0.00946044921875,0.031005859375,0.00131988525390625,0.03466796875,0.0034942626953125
792,0.06396484375,0.10302734375,0.012939453125,0.02392578125,0.039794921875,0.01043701171875,0.033203125,0.00347900390625,0.037109375,0.00537109375
793,0.064453125,0.1015625,0.0140380859375,0.02099609375,0.0380859375,0.015380859375,0.0341796875,0.00628662109375,0.03759765625,0.00848388671875
794,0.06591796875,0.1025390625,0.016845703125,0.02587890625,0.03662109375,0.0146484375,0.034423828125,0.0081787109375,0.039794921875,0.0108642578125
795,0.064453125,0.09912109375,0.01611328125,0.0244140625,0.04052734375,0.01611328125,0.035400390625,0.0067138671875,0.0380859375,0.01312255859375
796,0.0634765625,0.10009765625,0.01531982421875,0.0228271484375,0.040283203125,0.013671875,0.035400390625,0.007598876953125,0.03857421875,0.01123046875
797,0.062255859375,0.1005859375,0.01312255859375,0.024658203125,0.041015625,0.017333984375,0.034423828125,0.01300048828125,0.040283203125,0.01153564453125
798,0.0615234375,0.09765625,0.0198974609375,0.0281982421875,0.042724609375,0.01446533203125,0.03515625,0.005157470703125,0.03857421875,0.01055908203125
799,0.0634765625,0.10107421875,0.016357421875,0.0247802734375,0.040771484375,0.0159912109375,0.03564453125,0.0128173828125,0.03857421875,0.01068115234375
800,0.05712890625,0.09130859375,0.011474609375,0.0184326171875,0.032470703125,0.0031280517578125,0.032470703125,-0.0130615234375,0.0306396484375,-0.000873565673828125
801,0.061767578125,0.0966796875,0.0111083984375,0.021728515625,0.032958984375,0.001617431640625,0.0296630859375,-0.01556396484375,0.02978515625,-0.002777099609375
802,0.060302734375,0.0966796875,0.01385498046875,0.0225830078125,0.03662109375,0.0025787353515625,0.031982421875,-0.01336669921875,0.0322265625,-0.000904083251953125
803,0.060791015625,0.09521484375,0.01495361328125,0.0196533203125,0.034912109375,0.007537841796875,0.03271484375,-0.01055908203125,0.03271484375,0.002197265625
804,0.0625,0.09619140625,0.0177001953125,0.0244140625,0.033203125,0.006805419921875,0.033203125,-0.0086669921875,0.034912109375,0.004608154296875
805,0.060791015625,0.0927734375,0.0169677734375,0.0230712890625,0.037353515625,0.0081787109375,0.0341796875,-0.0101318359375,0.033203125,0.006866455078125
806,0.059814453125,0.09375,0.0162353515625,0.0213623046875,0.037109375,0.005828857421875,0.0341796875,-0.00927734375,0.03369140625,0.00494384765625
807,0.058837890625,0.09423828125,0.01409912109375,0.0233154296875,0.037841796875,0.00946044921875,0.033203125,-0.0038604736328125,0.035400390625,0.005279541015625
808,0.05810546875,0.0908203125,0.0208740234375,0.02685546875,0.03955078125,0.006591796875,0.033935546875,-0.01171875,0.03369140625,0.0042724609375
809,0.06005859375,0.0947265625,0.017333984375,0.0233154296875,0.03759765625,0.00811767578125,0.034423828125,-0.004058837890625,0.03369140625,0.00439453125
810,0.061767578125,0.0966796875,0.0111083984375,0.021728515625,0.032958984375,0.001617431640625,0.0296630859375,-0.01556396484375,0.02978515625,-0.002777099609375
811,0.06640625,0.10205078125,0.01068115234375,0.0250244140625,0.033447265625,0.00010156631469726562,0.0269775390625,-0.01806640625,0.0289306640625,-0.004669189453125
812,0.064453125,0.10205078125,0.013427734375,0.0257568359375,0.036865234375,0.001068115234375,0.029296875,-0.015869140625,0.03125,-0.0028076171875
813,0.0654296875,0.1005859375,0.0145263671875,0.02294921875,0.035400390625,0.006011962890625,0.0301513671875,-0.0130615234375,0.031982421875,0.0002994537353515625
814,0.06689453125,0.1015625,0.017333984375,0.0277099609375,0.03369140625,0.005279541015625,0.030517578125,-0.01116943359375,0.0341796875,0.0027008056640625
815,0.0654296875,0.09814453125,0.0166015625,0.0263671875,0.037841796875,0.006683349609375,0.031494140625,-0.01263427734375,0.032470703125,0.004974365234375
816,0.064453125,0.09912109375,0.015869140625,0.024658203125,0.03759765625,0.004302978515625,0.031494140625,-0.01171875,0.03271484375,0.0030364990234375
817,0.0634765625,0.099609375,0.013671875,0.026611328125,0.038330078125,0.0079345703125,0.030517578125,-0.006317138671875,0.03466796875,0.0033721923828125
818,0.0625,0.0966796875,0.0205078125,0.030029296875,0.0400390625,0.005096435546875,0.03125,-0.01416015625,0.032958984375,0.0023651123046875
819,0.064453125,0.10009765625,0.0169677734375,0.026611328125,0.0380859375,0.006591796875,0.03173828125,-0.006500244140625,0.032958984375,0.0024871826171875
820,0.060302734375,0.0966796875,0.01385498046875,0.0225830078125,0.03662109375,0.0025787353515625,0.031982421875,-0.01336669921875,0.0322265625,-0.000904083251953125
821,0.064453125,0.10205078125,0.013427734375,0.0257568359375,0.036865234375,0.001068115234375,0.029296875,-0.015869140625,0.03125,-0.0028076171875
822,0.0634765625,0.10205078125,0.0162353515625,0.026611328125,0.04052734375,0.0020294189453125,0.031494140625,-0.013671875,0.03369140625,-0.000934600830078125
823,0.0634765625,0.1005859375,0.017333984375,0.023681640625,0.038818359375,0.006988525390625,0.032470703125,-0.0108642578125,0.034423828125,0.002166748046875
824,0.0654296875,0.1015625,0.0201416015625,0.028564453125,0.037109375,0.006256103515625,0.03271484375,-0.00897216796875,0.03662109375,0.00457763671875
825,0.0634765625,0.09814453125,0.0194091796875,0.027099609375,0.041259765625,0.007659912109375,0.03369140625,-0.01043701171875,0.034912109375,0.0068359375
826,0.06298828125,0.09912109375,0.0186767578125,0.0255126953125,0.041015625,0.005279541015625,0.03369140625,-0.00958251953125,0.03515625,0.004913330078125
827,0.061767578125,0.099609375,0.0164794921875,0.02734375,0.041748046875,0.0089111328125,0.03271484375,-0.004180908203125,0.036865234375,0.0052490234375
828,0.06103515625,0.09619140625,0.023193359375,0.0308837890625,0.04345703125,0.00604248046875,0.033447265625,-0.01202392578125,0.035400390625,0.004241943359375
829,0.06298828125,0.10009765625,0.019775390625,0.0274658203125,0.04150390625,0.007568359375,0.033935546875,-0.004364013671875,0.035400390625,0.004364013671875
830,0.060791015625,0.09521484375,0.01495361328125,0.0196533203125,0.034912109375,0.007537841796875,0.03271484375,-0.01055908203125,0.03271484375,0.002197265625
831,0.0654296875,0.1005859375,0.0145263671875,0.02294921875,0.035400390625,0.006011962890625,0.0301513671875,-0.0130615234375,0.031982421875,0.0002994537353515625
832,0.0634765625,0.1005859375,0.017333984375,0.023681640625,0.038818359375,0.006988525390625,0.032470703125,-0.0108642578125,0.034423828125,0.002166748046875
833,0.064453125,0.09912109375,0.0184326171875,0.020751953125,0.037353515625,0.011962890625,0.033203125,-0.008056640625,0.034912109375,0.005279541015625
834,0.06591796875,0.10009765625,0.021240234375,0.025634765625,0.03564453125,0.01123046875,0.03369140625,-0.00616455078125,0.037109375,0.0076904296875
835,0.064453125,0.0966796875,0.0205078125,0.024169921875,0.039794921875,0.01263427734375,0.03466796875,-0.00762939453125,0.035400390625,0.00994873046875
836,0.0634765625,0.09765625,0.019775390625,0.0225830078125,0.03955078125,0.01025390625,0.03466796875,-0.00677490234375,0.035888671875,0.00799560546875
837,0.062255859375,0.09814453125,0.017578125,0.0244140625,0.040283203125,0.01385498046875,0.03369140625,-0.00135040283203125,0.03759765625,0.00836181640625
838,0.0615234375,0.09521484375,0.0244140625,0.0279541015625,0.0419921875,0.010986328125,0.034423828125,-0.0091552734375,0.035888671875,0.00732421875
839,0.0634765625,0.0986328125,0.020751953125,0.0245361328125,0.0400390625,0.01251220703125,0.034912109375,-0.00153350830078125,0.035888671875,0.0074462890625
840,0.0625,0.09619140625,0.0177001953125,0.0244140625,0.033203125,0.006805419921875,0.033203125,-0.0086669921875,0.034912109375,0.004608154296875
841,0.06689453125,0.1015625,0.017333984375,0.0277099609375,0.03369140625,0.005279541015625,0.030517578125,-0.01116943359375,0.0341796875,0.0027008056640625
842,0.0654296875,0.1015625,0.0201416015625,0.028564453125,0.037109375,0.006256103515625,0.03271484375,-0.00897216796875,0.03662109375,0.00457763671875
843,0.06591796875,0.10009765625,0.021240234375,0.025634765625,0.03564453125,0.01123046875,0.03369140625,-0.00616455078125,0.037109375,0.0076904296875
844,0.06787109375,0.10107421875,0.0240478515625,0.0303955078125,0.033935546875,0.010498046875,0.033935546875,-0.0042724609375,0.039306640625,0.01007080078125
845,0.06591796875,0.09765625,0.0233154296875,0.029052734375,0.0380859375,0.01190185546875,0.034912109375,-0.005767822265625,0.03759765625,0.0123291015625
846,0.0654296875,0.0986328125,0.0225830078125,0.02734375,0.037841796875,0.009521484375,0.034912109375,-0.0048828125,0.0380859375,0.01043701171875
847,0.06396484375,0.09912109375,0.0203857421875,0.029296875,0.03857421875,0.01312255859375,0.033935546875,0.000530242919921875,0.039794921875,0.0107421875
848,0.0634765625,0.095703125,0.027099609375,0.03271484375,0.040283203125,0.01025390625,0.03466796875,-0.007293701171875,0.0380859375,0.009765625
849,0.0654296875,0.099609375,0.0235595703125,0.029296875,0.038330078125,0.01177978515625,0.03515625,0.0003490447998046875,0.0380859375,0.0098876953125
850,0.060791015625,0.0927734375,0.0169677734375,0.0230712890625,0.037353515625,0.0081787109375,0.0341796875,-0.0101318359375,0.033203125,0.006866455078125
851,0.0654296875,0.09814453125,0.0166015625,0.0263671875,0.037841796875,0.006683349609375,0.031494140625,-0.01263427734375,0.032470703125,0.004974365234375
852,0.0634765625,0.09814453125,0.0194091796875,0.027099609375,0.041259765625,0.007659912109375,0.03369140625,-0.01043701171875,0.034912109375,0.0068359375
853,0.064453125,0.0966796875,0.0205078125,0.024169921875,0.039794921875,0.01263427734375,0.03466796875,-0.00762939453125,0.035400390625,0.00994873046875
854,0.06591796875,0.09765625,0.0233154296875,0.029052734375,0.0380859375,0.01190185546875,0.034912109375,-0.005767822265625,0.03759765625,0.0123291015625
855,0.064453125,0.09423828125,0.0225830078125,0.0277099609375,0.0419921875,0.0133056640625,0.035888671875,-0.007232666015625,0.0361328125,0.01458740234375
856,0.0634765625,0.09521484375,0.0218505859375,0.0260009765625,0.0419921875,0.01092529296875,0.035888671875,-0.00634765625,0.036376953125,0.0126953125
857,0.062255859375,0.095703125,0.0196533203125,0.0279541015625,0.04248046875,0.0145263671875,0.034912109375,-0.000934600830078125,0.0380859375,0.01300048828125
858,0.0615234375,0.0927734375,0.0263671875,0.031494140625,0.04443359375,0.01165771484375,0.03564453125,-0.0087890625,0.036376953125,0.01202392578125
859,0.0634765625,0.09619140625,0.0228271484375,0.0279541015625,0.042236328125,0.01318359375,0.0361328125,-0.00112152099609375,0.03662109375,0.01214599609375
860,0.059814453125,0.09375,0.0162353515625,0.0213623046875,0.037109375,0.005828857421875,0.0341796875,-0.00927734375,0.03369140625,0.00494384765625
861,0.064453125,0.09912109375,0.015869140625,0.024658203125,0.03759765625,0.004302978515625,0.031494140625,-0.01171875,0.03271484375,0.0030364990234375
862,0.06298828125,0.09912109375,0.0186767578125,0.0255126953125,0.041015625,0.005279541015625,0.03369140625,-0.00958251953125,0.03515625,0.004913330078125
863,0.0634765625,0.09765625,0.019775390625,0.0225830078125,0.03955078125,0.01025390625,0.03466796875,-0.00677490234375,0.035888671875,0.00799560546875
864,0.0654296875,0.0986328125,0.0225830078125,0.02734375,0.037841796875,0.009521484375,0.034912109375,-0.0048828125,0.0380859375,0.01043701171875
865,0.0634765625,0.09521484375,0.0218505859375,0.0260009765625,0.0419921875,0.01092529296875,0.035888671875,-0.00634765625,0.036376953125,0.0126953125
866,0.0625,0.09619140625,0.0211181640625,0.0242919921875,0.041748046875,0.008544921875,0.035888671875,-0.005462646484375,0.03662109375,0.0107421875
867,0.0615234375,0.0966796875,0.0189208984375,0.0262451171875,0.04248046875,0.01214599609375,0.034912109375,-6.103515625e-05,0.038330078125,0.0111083984375
868,0.060791015625,0.09375,0.025634765625,0.02978515625,0.044189453125,0.00927734375,0.03564453125,-0.00787353515625,0.036865234375,0.01007080078125
869,0.0625,0.09716796875,0.0220947265625,0.0262451171875,0.042236328125,0.01080322265625,0.0361328125,-0.000244140625,0.036865234375,0.01019287109375
870,0.058837890625,0.09423828125,0.01409912109375,0.0233154296875,0.037841796875,0.00946044921875,0.033203125,-0.0038604736328125,0.035400390625,0.005279541015625
871,0.0634765625,0.099609375,0.013671875,0.026611328125,0.038330078125,0.0079345703125,0.030517578125,-0.006317138671875,0.03466796875,0.0033721923828125
872,0.061767578125,0.099609375,0.0164794921875,0.02734375,0.041748046875,0.0089111328125,0.03271484375,-0.004180908203125,0.036865234375,0.0052490234375
873,0.062255859375,0.09814453125,0.017578125,0.0244140625,0.040283203125,0.01385498046875,0.03369140625,-0.00135040283203125,0.03759765625,0.00836181640625
874,0.06396484375,0.09912109375,0.0203857421875,0.029296875,0.03857421875,0.01312255859375,0.033935546875,0.000530242919921875,0.039794921875,0.0107421875
875,0.062255859375,0.095703125,0.0196533203125,0.0279541015625,0.04248046875,0.0145263671875,0.034912109375,-0.000934600830078125,0.0380859375,0.01300048828125
876,0.0615234375,0.0966796875,0.0189208984375,0.0262451171875,0.04248046875,0.01214599609375,0.034912109375,-6.103515625e-05,0.038330078125,0.0111083984375
877,0.060302734375,0.09716796875,0.0167236328125,0.0281982421875,0.04296875,0.015869140625,0.033935546875,0.005340576171875,0.0400390625,0.01141357421875
878,0.0595703125,0.09375,0.0234375,0.03173828125,0.044921875,0.012939453125,0.03466796875,-0.0024871826171875,0.03857421875,0.01043701171875
879,0.0615234375,0.09765625,0.0198974609375,0.0281982421875,0.042724609375,0.01446533203125,0.03515625,0.005157470703125,0.03857421875,0.01055908203125
880,0.05810546875,0.0908203125,0.0208740234375,0.02685546875,0.03955078125,0.006591796875,0.033935546875,-0.01171875,0.03369140625,0.0042724609375
881,0.0625,0.0966796875,0.0205078125,0.030029296875,0.0400390625,0.005096435546875,0.03125,-0.01416015625,0.032958984375,0.0023651123046875
882,0.06103515625,0.09619140625,0.023193359375,0.0308837890625,0.04345703125,0.00604248046875,0.033447265625,-0.01202392578125,0.035400390625,0.004241943359375
883,0.0615234375,0.09521484375,0.0244140625,0.0279541015625,0.0419921875,0.010986328125,0.034423828125,-0.0091552734375,0.035888671875,0.00732421875
884,0.0634765625,0.095703125,0.027099609375,0.03271484375,0.040283203125,0.01025390625,0.03466796875,-0.007293701171875,0.0380859375,0.009765625
885,0.0615234375,0.0927734375,0.0263671875,0.031494140625,0.04443359375,0.01165771484375,0.03564453125,-0.0087890625,0.036376953125,0.01202392578125
886,0.060791015625,0.09375,0.025634765625,0.02978515625,0.044189453125,0.00927734375,0.03564453125,-0.00787353515625,0.036865234375,0.01007080078125
887,0.0595703125,0.09375,0.0234375,0.03173828125,0.044921875,0.012939453125,0.03466796875,-0.0024871826171875,0.03857421875,0.01043701171875
888,0.058837890625,0.0908203125,0.0302734375,0.03515625,0.046630859375,0.01007080078125,0.035400390625,-0.01031494140625,0.036865234375,0.0093994140625
889,0.060791015625,0.09423828125,0.0267333984375,0.03173828125,0.044677734375,0.0115966796875,0.035888671875,-0.0026702880859375,0.036865234375,0.009521484375
890,0.06005859375,0.0947265625,0.017333984375,0.0233154296875,0.03759765625,0.00811767578125,0.034423828125,-0.004058837890625,0.03369140625,0.00439453125
891,0.064453125,0.10009765625,0.0169677734375,0.026611328125,0.0380859375,0.006591796875,0.03173828125,-0.006500244140625,0.032958984375,0.0024871826171875
892,0.06298828125,0.10009765625,0.019775390625,0.0274658203125,0.04150390625,0.007568359375,0.033935546875,-0.004364013671875,0.035400390625,0.004364013671875
893,0.0634765625,0.0986328125,0.020751953125,0.0245361328125,0.0400390625,0.01251220703125,0.034912109375,-0.00153350830078125,0.035888671875,0.0074462890625
894,0.0654296875,0.099609375,0.0235595703125,0.029296875,0.038330078125,0.01177978515625,0.03515625,0.0003490447998046875,0.0380859375,0.0098876953125
895,0.0634765625,0.09619140625,0.0228271484375,0.0279541015625,0.042236328125,0.01318359375,0.0361328125,-0.00112152099609375,0.03662109375,0.01214599609375
896,0.0625,0.09716796875,0.0220947265625,0.0262451171875,0.042236328125,0.01080322265625,0.0361328125,-0.000244140625,0.036865234375,0.01019287109375
897,0.0615234375,0.09765625,0.0198974609375,0.0281982421875,0.042724609375,0.01446533203125,0.03515625,0.005157470703125,0.03857421875,0.01055908203125
898,0.060791015625,0.09423828125,0.0267333984375,0.03173828125,0.044677734375,0.0115966796875,0.035888671875,-0.0026702880859375,0.036865234375,0.009521484375
899,0.06298828125,0.09814453125,0.023193359375,0.0281982421875,0.04248046875,0.0130615234375,0.036376953125,0.004974365234375,0.037109375,0.0096435546875
900,0.059326171875,0.0947265625,0.0079345703125,0.0150146484375,0.030517578125,0.004638671875,0.032958984375,-0.00543212890625,0.0306396484375,-0.000751495361328125
901,0.0634765625,0.10009765625,0.007537841796875,0.018310546875,0.031005859375,0.0031280517578125,0.0301513671875,-0.00787353515625,0.0299072265625,-0.002655029296875
902,0.062255859375,0.10009765625,0.01031494140625,0.01904296875,0.034423828125,0.00408935546875,0.032470703125,-0.0057373046875,0.0322265625,-0.000782012939453125
903,0.0625,0.0986328125,0.01141357421875,0.01611328125,0.032958984375,0.009033203125,0.033203125,-0.0029144287109375,0.03271484375,0.0023193359375
904,0.064453125,0.099609375,0.01422119140625,0.02099609375,0.03125,0.00830078125,0.03369140625,-0.00103759765625,0.03515625,0.004730224609375
905,0.0625,0.09619140625,0.01348876953125,0.0196533203125,0.03515625,0.00970458984375,0.03466796875,-0.00250244140625,0.033447265625,0.006988525390625
906,0.06201171875,0.09716796875,0.01275634765625,0.0179443359375,0.03515625,0.00732421875,0.03466796875,-0.00162506103515625,0.03369140625,0.00506591796875
907,0.060791015625,0.09765625,0.01055908203125,0.0198974609375,0.03564453125,0.010986328125,0.03369140625,0.0037841796875,0.035400390625,0.005401611328125
908,0.06005859375,0.0947265625,0.017333984375,0.0233154296875,0.03759765625,0.00811767578125,0.034423828125,-0.004058837890625,0.03369140625,0.00439453125
909,0.06201171875,0.09814453125,0.0137939453125,0.0198974609375,0.03564453125,0.00958251953125,0.034912109375,0.00360107421875,0.033935546875,0.0045166015625
910,0.0634765625,0.10009765625,0.007537841796875,0.018310546875,0.031005859375,0.0031280517578125,0.0301513671875,-0.00787353515625,0.0299072265625,-0.002655029296875
911,0.068359375,0.10595703125,0.007110595703125,0.021484375,0.031494140625,0.00160980224609375,0.0274658203125,-0.0103759765625,0.029052734375,-0.004547119140625
912,0.06689453125,0.10546875,0.0098876953125,0.0223388671875,0.034912109375,0.0025787353515625,0.02978515625,-0.0081787109375,0.031494140625,-0.002685546875
913,0.0673828125,0.1044921875,0.010986328125,0.0194091796875,0.033447265625,0.007537841796875,0.0306396484375,-0.00537109375,0.031982421875,0.0004215240478515625
914,0.06884765625,0.10498046875,0.0137939453125,0.0242919921875,0.03173828125,0.006805419921875,0.031005859375,-0.0034942626953125,0.0341796875,0.0028228759765625
915,0.0673828125,0.10205078125,0.0130615234375,0.0228271484375,0.03564453125,0.0081787109375,0.031982421875,-0.004974365234375,0.03271484375,0.005096435546875
916,0.06640625,0.10302734375,0.0123291015625,0.021240234375,0.03564453125,0.005828857421875,0.031982421875,-0.00408935546875,0.032958984375,0.0031585693359375
917,0.0654296875,0.10302734375,0.0101318359375,0.0230712890625,0.0361328125,0.00946044921875,0.031005859375,0.00131988525390625,0.03466796875,0.0034942626953125
918,0.064453125,0.10009765625,0.0169677734375,0.026611328125,0.0380859375,0.006591796875,0.03173828125,-0.006500244140625,0.032958984375,0.0024871826171875
919,0.06640625,0.103515625,0.01336669921875,0.023193359375,0.035888671875,0.00811767578125,0.0322265625,0.00113677978515625,0.033203125,0.0026092529296875
920,0.062255859375,0.10009765625,0.01031494140625,0.01904296875,0.034423828125,0.00408935546875,0.032470703125,-0.0057373046875,0.0322265625,-0.000782012939453125
921,0.06689453125,0.10546875,0.0098876953125,0.0223388671875,0.034912109375,0.0025787353515625,0.02978515625,-0.0081787109375,0.031494140625,-0.002685546875
922,0.0654296875,0.10546875,0.0126953125,0.023193359375,0.038330078125,0.0035400390625,0.031982421875,-0.00604248046875,0.033935546875,-0.000812530517578125
923,0.06591796875,0.10400390625,0.0137939453125,0.020263671875,0.036865234375,0.00848388671875,0.032958984375,-0.0032196044921875,0.034423828125,0.002288818359375
924,0.0673828125,0.10498046875,0.0166015625,0.0250244140625,0.03515625,0.00775146484375,0.033203125,-0.0013427734375,0.03662109375,0.00469970703125
925,0.06591796875,0.1015625,0.015869140625,0.023681640625,0.039306640625,0.0091552734375,0.0341796875,-0.0028076171875,0.034912109375,0.0069580078125
926,0.06494140625,0.1025390625,0.01513671875,0.02197265625,0.0390625,0.00677490234375,0.0341796875,-0.00193023681640625,0.035400390625,0.005035400390625
927,0.06396484375,0.10302734375,0.012939453125,0.02392578125,0.039794921875,0.01043701171875,0.033203125,0.00347900390625,0.037109375,0.00537109375
928,0.06298828125,0.10009765625,0.019775390625,0.0274658203125,0.04150390625,0.007568359375,0.033935546875,-0.004364013671875,0.035400390625,0.004364013671875
929,0.06494140625,0.103515625,0.01611328125,0.02392578125,0.03955078125,0.009033203125,0.034423828125,0.0032958984375,0.035400390625,0.004486083984375
930,0.0625,0.0986328125,0.01141357421875,0.01611328125,0.032958984375,0.009033203125,0.033203125,-0.0029144287109375,0.03271484375,0.0023193359375
931,0.0673828125,0.1044921875,0.010986328125,0.0194091796875,0.033447265625,0.007537841796875,0.0306396484375,-0.00537109375,0.031982421875,0.0004215240478515625
932,0.06591796875,0.10400390625,0.0137939453125,0.020263671875,0.036865234375,0.00848388671875,0.032958984375,-0.0032196044921875,0.034423828125,0.002288818359375
933,0.06640625,0.10302734375,0.014892578125,0.017333984375,0.035400390625,0.013427734375,0.03369140625,-0.0004062652587890625,0.034912109375,0.005401611328125
934,0.06787109375,0.103515625,0.0177001953125,0.022216796875,0.03369140625,0.0126953125,0.0341796875,0.0014801025390625,0.037109375,0.0078125
935,0.06640625,0.1005859375,0.0169677734375,0.020751953125,0.03759765625,0.01409912109375,0.03515625,1.0192394256591797e-05,0.03564453125,0.01007080078125
936,0.0654296875,0.1015625,0.0162353515625,0.01904296875,0.03759765625,0.01171875,0.03515625,0.000885009765625,0.035888671875,0.00811767578125
937,0.064453125,0.1015625,0.0140380859375,0.02099609375,0.0380859375,0.015380859375,0.0341796875,0.00628662109375,0.03759765625,0.00848388671875
938,0.0634765625,0.0986328125,0.020751953125,0.0245361328125,0.0400390625,0.01251220703125,0.034912109375,-0.00153350830078125,0.035888671875,0.0074462890625
939,0.0654296875,0.10205078125,0.017333984375,0.02099609375,0.037841796875,0.0140380859375,0.035400390625,0.006103515625,0.0361328125,0.007568359375
940,0.064453125,0.099609375,0.01422119140625,0.02099609375,0.03125,0.00830078125,0.03369140625,-0.00103759765625,0.03515625,0.004730224609375
941,0.06884765625,0.10498046875,0.0137939453125,0.0242919921875,0.03173828125,0.006805419921875,0.031005859375,-0.0034942626953125,0.0341796875,0.0028228759765625
942,0.0673828125,0.10498046875,0.0166015625,0.0250244140625,0.03515625,0.00775146484375,0.033203125,-0.0013427734375,0.03662109375,0.00469970703125
943,0.06787109375,0.103515625,0.0177001953125,0.022216796875,0.03369140625,0.0126953125,0.0341796875,0.0014801025390625,0.037109375,0.0078125
944,0.06982421875,0.1044921875,0.0205078125,0.0269775390625,0.031982421875,0.011962890625,0.034423828125,0.00335693359375,0.039306640625,0.01019287109375
945,0.06787109375,0.10107421875,0.019775390625,0.025634765625,0.0361328125,0.01336669921875,0.035400390625,0.00189208984375,0.037841796875,0.012451171875
946,0.0673828125,0.10205078125,0.01904296875,0.02392578125,0.035888671875,0.010986328125,0.035400390625,0.002777099609375,0.0380859375,0.01055908203125
947,0.06591796875,0.1025390625,0.016845703125,0.02587890625,0.03662109375,0.0146484375,0.034423828125,0.0081787109375,0.039794921875,0.0108642578125
948,0.0654296875,0.099609375,0.0235595703125,0.029296875,0.038330078125,0.01177978515625,0.03515625,0.0003490447998046875,0.0380859375,0.0098876953125
949,0.0673828125,0.10302734375,0.02001953125,0.02587890625,0.0361328125,0.0133056640625,0.03564453125,0.00799560546875,0.038330078125,0.010009765625
950,0.0625,0.09619140625,0.01348876953125,0.0196533203125,0.03515625,0.00970458984375,0.03466796875,-0.00250244140625,0.033447265625,0.006988525390625
951,0.0673828125,0.10205078125,0.0130615234375,0.0228271484375,0.03564453125,0.0081787109375,0.031982421875,-0.004974365234375,0.03271484375,0.005096435546875
952,0.06591796875,0.1015625,0.015869140625,0.023681640625,0.039306640625,0.0091552734375,0.0341796875,-0.0028076171875,0.034912109375,0.0069580078125
953,0.06640625,0.1005859375,0.0169677734375,0.020751953125,0.03759765625,0.01409912109375,0.03515625,1.0192394256591797e-05,0.03564453125,0.01007080078125
954,0.06787109375,0.10107421875,0.019775390625,0.025634765625,0.0361328125,0.01336669921875,0.035400390625,0.00189208984375,0.037841796875,0.012451171875
955,0.06640625,0.09814453125,0.01904296875,0.024169921875,0.0400390625,0.0147705078125,0.036376953125,0.00042724609375,0.0361328125,0.01470947265625
956,0.0654296875,0.09912109375,0.018310546875,0.0225830078125,0.039794921875,0.01239013671875,0.036376953125,0.00130462646484375,0.036376953125,0.0128173828125
957,0.064453125,0.09912109375,0.01611328125,0.0244140625,0.04052734375,0.01611328125,0.035400390625,0.0067138671875,0.0380859375,0.01312255859375
958,0.0634765625,0.09619140625,0.0228271484375,0.0279541015625,0.042236328125,0.01318359375,0.0361328125,-0.00112152099609375,0.03662109375,0.01214599609375
959,0.0654296875,0.099609375,0.019287109375,0.0245361328125,0.040283203125,0.01470947265625,0.03662109375,0.00653076171875,0.03662109375,0.01226806640625
960,0.06201171875,0.09716796875,0.01275634765625,0.0179443359375,0.03515625,0.00732421875,0.03466796875,-0.00162506103515625,0.03369140625,0.00506591796875
961,0.06640625,0.10302734375,0.0123291015625,0.021240234375,0.03564453125,0.005828857421875,0.031982421875,-0.00408935546875,0.032958984375,0.0031585693359375
962,0.06494140625,0.1025390625,0.01513671875,0.02197265625,0.0390625,0.00677490234375,0.0341796875,-0.00193023681640625,0.035400390625,0.005035400390625
963,0.0654296875,0.1015625,0.0162353515625,0.01904296875,0.03759765625,0.01171875,0.03515625,0.000885009765625,0.035888671875,0.00811767578125
964,0.0673828125,0.10205078125,0.01904296875,0.02392578125,0.035888671875,0.010986328125,0.035400390625,0.002777099609375,0.0380859375,0.01055908203125
965,0.0654296875,0.09912109375,0.018310546875,0.0225830078125,0.039794921875,0.01239013671875,0.036376953125,0.00130462646484375,0.036376953125,0.0128173828125
966,0.064453125,0.10009765625,0.017578125,0.0208740234375,0.039794921875,0.010009765625,0.036376953125,0.0021820068359375,0.036865234375,0.0108642578125
967,0.0634765625,0.10009765625,0.01531982421875,0.0228271484375,0.040283203125,0.013671875,0.035400390625,0.007598876953125,0.03857421875,0.01123046875
968,0.0625,0.09716796875,0.0220947265625,0.0262451171875,0.042236328125,0.01080322265625,0.0361328125,-0.000244140625,0.036865234375,0.01019287109375
969,0.06494140625,0.1005859375,0.0185546875,0.0228271484375,0.0400390625,0.0123291015625,0.03662109375,0.007415771484375,0.036865234375,0.01031494140625
970,0.060791015625,0.09765625,0.01055908203125,0.0198974609375,0.03564453125,0.010986328125,0.03369140625,0.0037841796875,0.035400390625,0.005401611328125
971,0.0654296875,0.10302734375,0.0101318359375,0.0230712890625,0.0361328125,0.00946044921875,0.031005859375,0.00131988525390625,0.03466796875,0.0034942626953125
972,0.06396484375,0.10302734375,0.012939453125,0.02392578125,0.039794921875,0.01043701171875,0.033203125,0.00347900390625,0.037109375,0.00537109375
973,0.064453125,0.1015625,0.0140380859375,0.02099609375,0.0380859375,0.015380859375,0.0341796875,0.00628662109375,0.03759765625,0.00848388671875
974,0.06591796875,0.1025390625,0.016845703125,0.02587890625,0.03662109375,0.0146484375,0.034423828125,0.0081787109375,0.039794921875,0.0108642578125
975,0.064453125,0.09912109375,0.01611328125,0.0244140625,0.04052734375,0.01611328125,0.035400390625,0.0067138671875,0.0380859375,0.01312255859375
976,0.0634765625,0.10009765625,0.01531982421875,0.0228271484375,0.040283203125,0.013671875,0.035400390625,0.007598876953125,0.03857421875,0.01123046875
977,0.062255859375,0.1005859375,0.01312255859375,0.024658203125,0.041015625,0.017333984375,0.034423828125,0.01300048828125,0.040283203125,0.01153564453125
978,0.0615234375,0.09765625,0.0198974609375,0.0281982421875,0.042724609375,0.01446533203125,0.03515625,0.005157470703125,0.03857421875,0.01055908203125
979,0.0634765625,0.10107421875,0.016357421875,0.0247802734375,0.040771484375,0.0159912109375,0.03564453125,0.0128173828125,0.03857421875,0.01068115234375
980,0.06005859375,0.0947265625,0.017333984375,0.0233154296875,0.03759765625,0.00811767578125,0.034423828125,-0.004058837890625,0.03369140625,0.00439453125
981,0.064453125,0.10009765625,0.0169677734375,0.026611328125,0.0380859375,0.006591796875,0.03173828125,-0.006500244140625,0.032958984375,0.0024871826171875
982,0.06298828125,0.10009765625,0.019775390625,0.0274658203125,0.04150390625,0.007568359375,0.033935546875,-0.004364013671875,0.035400390625,0.004364013671875
983,0.0634765625,0.0986328125,0.020751953125,0.0245361328125,0.0400390625,0.01251220703125,0.034912109375,-0.00153350830078125,0.035888671875,0.0074462890625
984,0.0654296875,0.099609375,0.0235595703125,0.029296875,0.038330078125,0.01177978515625,0.03515625,0.0003490447998046875,0.0380859375,0.0098876953125
985,0.0634765625,0.09619140625,0.0228271484375,0.0279541015625,0.042236328125,0.01318359375,0.0361328125,-0.00112152099609375,0.03662109375,0.01214599609375
986,0.0625,0.09716796875,0.0220947265625,0.0262451171875,0.042236328125,0.01080322265625,0.0361328125,-0.000244140625,0.036865234375,0.01019287109375
987,0.0615234375,0.09765625,0.0198974609375,0.0281982421875,0.042724609375,0.01446533203125,0.03515625,0.005157470703125,0.03857421875,0.01055908203125
988,0.060791015625,0.09423828125,0.0267333984375,0.03173828125,0.044677734375,0.0115966796875,0.035888671875,-0.0026702880859375,0.036865234375,0.009521484375
989,0.06298828125,0.09814453125,0.023193359375,0.0281982421875,0.04248046875,0.0130615234375,0.036376953125,0.004974365234375,0.037109375,0.0096435546875
990,0.06201171875,0.09814453125,0.0137939453125,0.0198974609375,0.03564453125,0.00958251953125,0.034912109375,0.00360107421875,0.033935546875,0.0045166015625
991,0.06640625,0.103515625,0.01336669921875,0.023193359375,0.035888671875,0.00811767578125,0.0322265625,0.00113677978515625,0.033203125,0.0026092529296875
992,0.06494140625,0.103515625,0.01611328125,0.02392578125,0.03955078125,0.009033203125,0.034423828125,0.0032958984375,0.035400390625,0.004486083984375
993,0.0654296875,0.10205078125,0.017333984375,0.02099609375,0.037841796875,0.0140380859375,0.035400390625,0.006103515625,0.0361328125,0.007568359375
994,0.0673828125,0.10302734375,0.02001953125,0.02587890625,0.0361328125,0.0133056640625,0.03564453125,0.00799560546875,0.038330078125,0.010009765625
995,0.0654296875,0.099609375,0.019287109375,0.0245361328125,0.040283203125,0.01470947265625,0.03662109375,0.00653076171875,0.03662109375,0.01226806640625
996,0.06494140625,0.1005859375,0.0185546875,0.0228271484375,0.0400390625,0.0123291015625,0.03662109375,0.007415771484375,0.036865234375,0.01031494140625
997,0.0634765625,0.10107421875,0.016357421875,0.0247802734375,0.040771484375,0.0159912109375,0.03564453125,0.0128173828125,0.03857421875,0.01068115234375
998,0.06298828125,0.09814453125,0.023193359375,0.0281982421875,0.04248046875,0.0130615234375,0.036376953125,0.004974365234375,0.037109375,0.0096435546875
999,0.06494140625,0.1015625,0.0196533203125,0.0247802734375,0.04052734375,0.01458740234375,0.036865234375,0.01263427734375,0.037109375,0.009765625
